0.0	0.99985	-0.29922942643390016
0.0010005002501250625	0.9994015411471324	-0.5968768918101497
0.002001000500250125	0.9986562462163797	-0.8928612146484882
0.0030015007503751876	0.9976158187178354	-1.1871021160618223
0.00400200100050025	0.996282041984256	-1.479520239278942
0.0050025012506253125	0.9946567782392775	-1.7700371687924266
0.006003001500750375	0.9927419676466711	-2.058575449130462
0.007003501750875438	0.9905396273410165	-2.3450586032475185
0.0080040020010005	0.9880518504401762	-2.6294111505300033
0.009004502251125562	0.9852808050399566	-2.911558624414501
0.010005002501250625	0.9822287331913472	-3.191427589614104
0.011005502751375688	0.9788979498607284	-3.4689456589505063
0.01200600300150075	0.9752908418734462	-3.7440415097888535
0.013006503251625813	0.9714098668411507	-4.0166449000714755
0.014007003501750876	0.9672575520733032	-4.286686683948548
0.015007503751875938	0.9628364934732537	-4.554098827002917
0.016008004002001	0.9581493544192975	-4.818814421066408
0.017008504252126064	0.9531988646311209	-5.080767698624699
0.018009004502251125	0.9479878190220481	-5.339894046809124
0.01900950475237619	0.9425190765375027	-5.596130020973589
0.02001000500250125	0.9367955589801009	-5.84941335785405
0.021010505252626314	0.9308202498217947	-6.099682988308763
0.022011005502751375	0.9245961930034834	-6.346879049637654
0.02301150575287644	0.9181264917225194	-6.5909428974786906
0.0240120060030015	0.9114143072085261	-6.831817117281314
0.02501250625312656	0.9044628574879567	-7.069445535354157
0.026013006503251626	0.8972754161378178	-7.303773229485888
0.027013506753376687	0.8898553110289851	-7.534746539139269
0.02801400700350175	0.8822059230595392	-7.762313075216742
0.029014507253626812	0.8743306848785517	-7.986421729395676
0.030015007503751877	0.8662330796007478	-8.207022683036413
0.031015507753876938	0.8579166395124789	-8.424067415656655
0.032016008004002	0.8493849447694346	-8.63750871297725
0.03301650825412707	0.8406416220865243	-8.847300674536928
0.03401700850425213	0.8316903434203609	-9.053398720874295
0.03501750875437719	0.8225348246447757	-9.255759600281243
0.03601800900450225	0.8131788242197984	-9.454341395122412
0.03701850925462731	0.8036261418545309	-9.649103527726355
0.03801900950475238	0.7938806171643458	-9.840006765845066
0.03901950975487744	0.7839461283228407	-10.027013227684234
0.0400200100050025	0.7738265907089774	-10.210086386503392
0.04102051025512756	0.763525955549834	-10.389191074788807
0.04202101050525263	0.7530482085593999	-10.56429348799809
0.04302151075537769	0.7423973685738378	-10.735361187878544
0.04402201100550275	0.7315774861836428	-10.90236310535908
0.04502251125562781	0.7205926423631196	-11.065269543020174
0.04602301150575288	0.7094469470976025	-11.2240521771389
0.04702351175587794	0.6981445380088419	-11.378684059313581
0.048024012006003	0.6866895789789753	-11.529139617669271
0.04902451225612806	0.6750862587735033	-11.675394657643945
0.05002501250625312	0.6633387896636875	-11.817426362359384
0.05102551275637819	0.6514514060487845	-11.95521329257887
0.05202601300650325	0.6394283630785298	-12.088735386250827
0.05302651325662831	0.6272739352762828	-12.21797395764429
0.054027013506753374	0.6149924151632413	-12.342911696075765
0.05502751375687844	0.6025881118841313	-12.463532664232057
0.0560280140070035	0.5900653498347772	-12.579822296089116
0.057028514257128564	0.5774284672919531	-12.691767394431896
0.058029014507253625	0.5646818150459134	-12.799356127976557
0.05902951475737869	0.551829755036	-12.902578028098633
0.060030015007503754	0.5388766589897162	-13.001423985169291
0.061030515257628815	0.5258269070656614	-13.095886244503419
0.062031015507753876	0.5126848865007093	-13.185958401922381
0.06303151575787894	0.4994549902618166	-13.271635398934666
0.064032016008004	0.48614161570284	-13.3529135175382
0.06503251625812906	0.4727491632267402	-13.429790374647116
0.06603301650825413	0.4592820349535458	-13.50226491614709
0.0670335167583792	0.44574463339444603	-13.570337410582445
0.06803401700850426	0.43214136013238097	-13.634009442478723
0.06903451725862932	0.4184766145094886	-13.693283905305552
0.07003501750875438	0.40475479232176986	-13.748164994081769
0.07103551775887944	0.39098028452132505	-13.79865819762896
0.0720360180090045	0.37715747592651194	-13.844770290475871
0.07303651825912956	0.3632907439403733	-13.886509324418622
0.07403701850925462	0.34938445727767475	-13.923884619740868
0.0750375187593797	0.33544297470089157	-13.956906756098064
0.07603801900950476	0.3214706437654786	-13.985587563070112
0.07703851925962982	0.30747179957475135	-14.00994011038753
0.07803901950975488	0.29345076354470356	-14.029978697834899
0.07903951975987994	0.27941184217908155	-14.045718844836768
0.080040020010005	0.2653593258550301	-14.057177279730382
0.08104052026013006	0.2512974876196208	-14.064371928730418
0.08204102051025512	0.2372305819975692	-14.067321904589758
0.0830415207603802	0.22316284381044127	-14.066047494962083
0.08404202101050526	0.209098487007645	-14.060570150471255
0.08504252126063032	0.19504170350949876	-14.050912472491419
0.08604302151075538	0.18099666206266216	-14.037098200644401
0.08704352176088044	0.16696750710820996	-14.019152200018397
0.0880440220110055	0.15295835766262536	-13.997100448113697
0.08904452226113056	0.13897330621198256	-13.970970021520799
0.09004502251125562	0.12501641761958374	-13.940789082335925
0.09104552276138068	0.11109172804731071	-13.906586864319323
0.09204602301150576	0.09720324389094509	-13.868393658802248
0.09304652326163082	0.08335494072970623	-13.826240800347444
0.09404702351175588	0.0695507622902502	-13.780160652169148
0.09504752376188094	0.05579461942536792	-13.730186591317791
0.096048024012006	0.04209038910761463	-13.676352993635337
0.09704852426213106	0.02844191343809725	-13.618695218486879
0.09804902451225612	0.014852998670640872	-13.557249593273788
0.09904952476238119	0.0013274142515496716	-13.492053397734598
0.10005002501250625	-0.012131108124828323	-13.423144848039172
0.10105052526263132	-0.02551887544452867	-13.350563080681964
0.10205102551275638	-0.03883223428619225	-13.274348136180203
0.10305152576288144	-0.052067571716889076	-13.194540942582831
0.1040520260130065	-0.06522131617135792	-13.11118329879615
0.10505252626313157	-0.07828993831448139	-13.024317857731969
0.10605302651325663	-0.09126995188682185	-12.933988109284234
0.10705352676338169	-0.10415791453304986	-12.840238363140195
0.10805402701350675	-0.11695042861310224	-12.743113731431839
0.10905452726363181	-0.12964414199591354	-12.642660111233834
0.11005502751375688	-0.14223574883556994	-12.538924166913795
0.11105552776388194	-0.15472199032974113	-12.431953312340871
0.112056028014007	-0.16709965546025168	-12.321795692959144
0.11305652826413207	-0.17936558171565944	-12.20850016773109
0.11405702851425713	-0.19151665579571386	-12.092116290957675
0.11505752876438219	-0.20354981429757482	-11.972694293981373
0.11605802901450725	-0.2154620443836766	-11.850285066777309
0.11705852926463231	-0.22725038443112947	-11.724940139439601
0.11805902951475739	-0.23891192466255584	-11.596711663568085
0.11905952976488245	-0.25044380775826564	-11.465652393562175
0.12006003001500751	-0.26184322944968025	-11.331815667827593
0.12106053026513257	-0.2731074390939208	-11.195255389901737
0.12206103051525763	-0.2842337402294837	-11.056026009504727
0.12306153076538269	-0.2952194911129303	-10.91418250352083
0.12406203101550775	-0.3060621052365254	-10.769780356917362
0.12506253126563283	-0.316759051826765	-10.62287554360658
0.12606303151575787	-0.32730785632373854	-10.473524507256831
0.12706353176588295	-0.33770610084127867	-10.321784142058782
0.128064032016008	-0.3479514246078561	-10.16771177345263
0.12906453226613307	-0.358041524388184	-10.011365138822558
0.13006503251625812	-0.36797415488550117	-9.852802368163992
0.1310655327663832	-0.377747129124512	-9.69208196473037
0.13206603301650827	-0.3873583188149619	-9.529262785663517
0.1330665332666333	-0.3968056546958391	-9.36440402261629
0.1340670335167584	-0.4060871268601945	-9.197565182370443
0.13506753376688344	-0.41520078506058	-9.028806067457761
0.1360680340170085	-0.42414473899511	-8.858186756788761
0.13706853426713356	-0.4329171585741575	-8.685767586295661
0.13806903451725863	-0.44151627416770134	-8.511609129594644
0.13906953476738368	-0.44994037683334676	-8.335772178673734
0.14007003501750875	-0.45818781852504886	-8.158317724611841
0.14107053526763383	-0.46625701228257044	-7.979306938333347
0.14207103551775888	-0.47414643240171556	-7.798801151406353
0.14307153576788395	-0.48185461458538315	-7.6168618368875896
0.144072036018009	-0.48938015607549074	-7.433550590220716
0.14507253626813407	-0.4967217157658246	-7.248929110193508
0.14607303651825912	-0.5038780142958778	-7.063059179958919
0.1470735367683842	-0.5108478341257424	-6.876002648125545
0.14807403701850924	-0.5176300195921288	-6.6878214099228
0.14907453726863432	-0.5242234769455881	-6.498577388446336
0.1500750375187594	-0.5306271743690216	-6.308332515988224
0.15107553776888444	-0.5368401419775647	-6.11714871545782
0.1520760380190095	-0.5428614717999373	-5.925087881897772
0.15307653826913456	-0.5486903177413602	-5.73221186410161
0.15407703851925963	-0.5543258955281406	-5.538582446335316
0.15507753876938468	-0.5597674826340309	-5.344261330169742
0.15607803901950976	-0.5650144181884801	-5.149310116429828
0.1570785392696348	-0.5700661028668905	-4.953790287262283
0.15807903951975988	-0.5749219987630046	-4.7577631883288225
0.15907953976988495	-0.5795816292435481	-4.561290011129038
0.16008004002001	-0.5840445787852627	-4.364431775458311
0.16108054027013508	-0.5883104927944648	-4.167249312002907
0.16208104052026012	-0.5923790774092687	-3.9698032450797283
0.1630815407703852	-0.5962500992846242	-3.7721539755241063
0.16408204102051024	-0.5999233853603169	-3.5743616637292086
0.16508254127063532	-0.6033988226120827	-3.376486212841978
0.1660830415207604	-0.6066763577860008	-3.1785872521199465
0.16708354177088544	-0.6097559971163226	-2.9807241204531376
0.16808404202101052	-0.6126378060269071	-2.7829558500553353
0.16908454227113556	-0.6153219088164332	-2.5853411503279355
0.17008504252126064	-0.6178084883275631	-2.3879383919010455
0.17108554277138568	-0.6200977856002354	-2.190805590855105
0.17208604302151076	-0.6221900995092732	-1.9940003931285255
0.1730865432716358	-0.6240857863864925	-1.7975800591136237
0.17408704352176088	-0.6257852596275004	-1.60160144844268
0.17508754377188596	-0.6272889892833778	-1.4061210049724493
0.176088044022011	-0.6285975016374453	-1.2111947419669589
0.17708854427213608	-0.6297113787673118	-1.0168782274826427
0.17808904452226113	-0.6306312580924106	-0.8232265699600894
0.1790895447723862	-0.6313578319072319	-0.6302944040252334
0.18009004502251125	-0.6318918469004612	-0.43813587650287644
0.18109054527263632	-0.6322341036602377	-0.246804632645925
0.18209104552276137	-0.6323854561657531	-0.05635380258411926
0.18309154577288644	-0.6323468112654059	0.13316401200696992
0.18409204602301152	-0.6321191281417393	0.32169675101034745
0.18509254627313657	-0.6317034177633852	0.5091929087466807
0.18609304652326164	-0.631100742324246	0.6956015466212939
0.1870935467733867	-0.6303122146701428	0.8808723055399037
0.18809404702351176	-0.6293389977131661	1.0649554180883758
0.1890945472736368	-0.628182303833966	1.2478017204740621
0.19009504752376188	-0.626843394272218	1.4293626642282176
0.19109554777388693	-0.6253235785055096	1.6095903276651113
0.192096048024012	-0.6236242136168878	1.7884374270965009
0.19309654827413708	-0.6217467036513166	1.965857327799414
0.19409704852426213	-0.619692498961289	2.1418040547349637
0.1950975487743872	-0.6174630955418466	2.316232303016086
0.19609804902451225	-0.6150600343552568	2.489097448122868
0.19709854927463732	-0.6124849006456009	2.6603555558630254
0.19809904952476237	-0.6097393232435309	2.8299633920763623
0.19909954977488745	-0.6068249738614483	2.9978784320815466
0.2001000500250125	-0.6037435663793678	3.1640588698627625
0.20110055027513757	-0.6004968561217229	3.328463626995626
0.20210105052526264	-0.5970866391253766	3.4910523613118083
0.2031015507753877	-0.5935147513990991	3.651785475299152
0.20410205102551277	-0.5897830681747782	3.8106241242364947
0.2051025512756378	-0.5858935031506263	3.9675302240643195
0.2061030515257629	-0.5818480077266497	4.122466458988116
0.20710355177588793	-0.57764857023265	4.275396288812461
0.208104052026013	-0.5732972151490248	4.426283956007581
0.20910455227613806	-0.5687960023206349	4.575094492506704
0.21010505252626313	-0.5641470261640114	4.721793726232493
0.2111055527763882	-0.5593524148681699	4.866348287353328
0.21210605302651325	-0.5544143295893047	5.008725614267906
0.21310655327663833	-0.5493349636396341	5.148893959318279
0.21410705352676337	-0.5441165416706681	5.28682239423095
0.21510755377688845	-0.5387613188511722	5.422480815285457
0.2161080540270135	-0.5332715800400972	5.555839948210461
0.21710855427713857	-0.5276496389547513	5.68687135280721
0.21810905452726362	-0.5218978373344828	5.815547427300283
0.2191095547773887	-0.5160185441001508	5.941841412415993
0.22011005502751377	-0.5100141545096508	6.065727395188458
0.22111055527763882	-0.5038870893097738	6.187180312492352
0.2221110555277639	-0.4976397938846661	6.306175954304605
0.22311155577788894	-0.49127473740116445	6.422690966695094
0.224112056028014	-0.4847944119512759	6.536702854544857
0.22511255627813906	-0.4782013316920747	6.648189983995079
0.22611305652826413	-0.47149803198328577	6.757131584624792
0.2271135567783892	-0.46468706852282515	6.863507751360631
0.22811405702851426	-0.4577710164805645	6.967299446117458
0.22911455727863933	-0.45075246963059024	7.068488499170966
0.23011505752876438	-0.4436340394822225	7.167057610264371
0.23111555777888945	-0.4364183544100615	7.262990349448883
0.2321160580290145	-0.4291080587833248	7.3562711576600215
0.23311655827913957	-0.42170581209474145	7.446885347030002
0.23411705852926462	-0.4142142880892648	7.534819100937673
0.2351175587793897	-0.4066361738928661	7.620059473798096
0.23611805902951477	-0.39897416914166867	7.702594390592204
0.23711855927963982	-0.3912309851116817	7.782412646138409
0.2381190595297649	-0.38340934384939185	7.859503904106973
0.23911955977988994	-0.3755119773034678	7.9338586957800885
0.24012006003001501	-0.3675416264578317	8.005468418558342
0.24112056028014006	-0.3595010404663512	8.074325334214954
0.24212106053026514	-0.3513929757894018	8.140422566900506
0.24312156078039018	-0.34322019533255016	8.20375410089927
0.24412206103051526	-0.3349854675876033	8.264314778139658
0.24512256128064033	-0.32669156577627084	8.322100295460238
0.24612306153076538	-0.31834126699668275	8.37710720163351
0.24712356178089045	-0.3099373513730038	8.429332894149487
0.2481240620310155	-0.30148260120838377	8.47877561576188
0.24912456228114058	-0.29297980014148006	8.525434450797926
0.25012506253126565	-0.284431732306788	8.569309321235007
0.2511255627813907	-0.27584118149901005	8.610400982546395
0.25212606303151575	-0.2672109303416952	8.648711019317828
0.2531265632816408	-0.25854375946037433	8.684241840638304
0.2541270635317659	-0.24984244666041858	8.716996675266639
0.25512756378189094	-0.2411097661098411	8.746979566577496
0.256128064032016	-0.2323484875272636	8.774195367288378
0.2571285642821411	-0.22356137537526438	8.798649733970556
0.25812906453226614	-0.2147511880593225	8.820349121347395
0.2591295647823912	-0.2059206771325696	8.839300776381828
0.26013006503251623	-0.19707258650655887	8.855512732156303
0.26113056528264134	-0.18820965166825698	8.868993801548264
0.2621310655327664	-0.17933459890346234	8.879753570703391
0.26313156578289143	-0.1704501445268502	8.887802392310407
0.26413206603301653	-0.16155899411884153	8.893151378679784
0.2651325662831416	-0.15266384176949066	8.89581239462972
0.2661330665332666	-0.1437673693295821	8.895798050182563
0.2671335667833917	-0.13487224566912553	8.89312169307424
0.2681340670335168	-0.1259811259434336	8.88779740108072
0.2691345672836418	-0.1170966508669641	8.879839974164152
0.27013506753376687	-0.1082214459951053	8.869264926441952
0.271135567783892	-0.09935812101408019	8.856088477982263
0.272136068034017	-0.09050926903914079	8.840327546429203
0.27313656828414207	-0.08167746592122178	8.82199973846104
0.2741370685342671	-0.07286526956221871	8.801123341084695
0.2751375687843922	-0.06407521923905239	8.777717312770255
0.27613806903451726	-0.0553098349366782	8.751801274428615
0.2771385692846423	-0.04657161669019516	8.723395500235986
0.27813906953476736	-0.03786304393620622	8.6925209083086
0.27913956978489246	-0.029186574873577953	8.659199051231228
0.2801400700350175	-0.020544645833743765	8.623452106443139
0.28114057028514255	-0.011939670660691676	8.58530286648498
0.28214107053526766	-0.0033740401007737995	8.544774729110218
0.2831415707853927	0.005149878797528759	8.501891687264768
0.28414207103551775	0.013629743273755738	8.456678318938568
0.2851425712856428	0.022063235435405896	8.409159776892615
0.2861430715357679	0.030448062827540968	8.35936177826528
0.28714357178589295	0.038781958991936455	8.307310594061539
0.288144072036018	0.04706268401566405	8.253033038528919
0.2891445722861431	0.055288025068994294	8.19655645842384
0.29014507253626814	0.06345579693251173	8.13790872217213
0.2911455727863932	0.07156384251333855	8.077118208927509
0.29214607303651824	0.07961003335036675	8.014213797531811
0.29314657328664334	0.08759227010840218	7.949224855380716
0.2941470735367684	0.09550848306112818	7.882181227198845
0.29514757378689344	0.10335663256279988	7.813113223727957
0.2961480740370185	0.11113470950858408	7.7420516103320765
0.2971485742871436	0.11884073578346403	7.669027595523632
0.29814907453726863	0.12647276469963134	7.594072819413842
0.2991495747873937	0.13402888142229175	7.517219342091832
0.3001500750375188	0.141507203383815	7.438499631935866
0.30115057528764383	0.1489058806861635	7.357946553860919
0.3021510755377689	0.15622309649153682	7.275593357505813
0.3031515757878939	0.16345706740117513	7.191473665364725
0.304152076038019	0.17060604382226627	7.105621460865644
0.3051525762881441	0.17766831032290645	7.018071076400747
0.3061530765382691	0.1846421859750678	6.928857181311796
0.3071535767883942	0.19152602468553	6.83801476983481
0.30815407703851927	0.1983182155147374	6.745579149007696
0.3091545772886443	0.20501718298354543	6.651585926544135
0.31015507753876936	0.21162138736782568	6.556070998678373
0.31115557778889447	0.21812932498090215	6.459070537984377
0.3121560780390195	0.22453952844379446	6.360620981172821
0.31315657828914456	0.2308505669432478	6.260759016869663
0.3141570785392696	0.2370610464775338	6.159521573380927
0.3151575787893947	0.24316961009000967	6.056945806446265
0.31615807903951976	0.2491749380904263	5.953069086985576
0.3171585792896448	0.2550757482639808	5.84792898884276
0.3181590795397699	0.2608707960681118	5.741563276529527
0.31915957978989495	0.2665588748170399	5.634009892973079
0.32016008004002	0.27213881585405797	5.525306947271797
0.32116058029014505	0.2776094887115835	5.415492702462609
0.32216108054027015	0.2829698012589832	5.304605563302644
0.3231615807903952	0.2882186998381888	5.192684064069752
0.32416208104052024	0.2933551693871227	5.0797668563848655
0.32516258129064535	0.2983782335509586	4.965892697060631
0.3261630815407704	0.30328695478124396	4.851100435978223
0.32716358179089544	0.30808043442291505	4.735429003997677
0.3281640820410205	0.3127578127892393	4.618917400903616
0.3291645822911456	0.3173182692247223	4.501604683390781
0.33016508254127064	0.32176102215602087	4.3835299530924905
0.3311655827913957	0.3260853291309073	4.264732344655187
0.3321660830415208	0.33029048684533124	4.145251013862483
0.33316658329164583	0.3343758311586323	4.025125125812684
0.3341670835417709	0.3383407370969566	3.904393843151943
0.33516758379189593	0.34218461884493623	3.7830963143669627
0.33616808404202103	0.34590692972569054	3.661271662140114
0.3371685842921461	0.34950716216921646	3.5389589717711165
0.3381690845422711	0.35298484766923277	3.4161972796667994
0.3391695847923962	0.3563395567285501	3.2930255619033066
0.3401700850425213	0.3595708987930394	3.169482722863187
0.3411705852926463	0.36267852217427654	3.0456075839511154
0.34217108554277137	0.3656621139609416	2.9214388723899365
0.34317158579289647	0.3685213999190564	2.7970152101016996
0.3441720860430215	0.371256144381145	2.672375102674762
0.34517258629314657	0.37386615012440594	2.547556928421207
0.3461730865432716	0.37635125823798743	2.422598927527025
0.3471735867933967	0.37871134797946004	2.2975391912974374
0.34817408704352176	0.3809463366205823	2.172415651500448
0.3491745872936468	0.38305617928246094	2.0472660698117595
0.3501750875437719	0.3850408687602058	1.9221280273624686
0.35117558779389696	0.3869004353371859	1.7970389143935062
0.352176088044022	0.3886349465889929	1.6720359200186052
0.35317658829414705	0.3902445071772231	1.5471560220983727
0.35417708854427216	0.39172925863318964	1.42243597722852
0.3551775887943972	0.39308937913168013	1.2979123108436408
0.35617808904452225	0.3943250832548769	1.1736213074399482
0.3571785892946473	0.39543662174655997	1.0495990009187772
0.3581790895447724	0.3964242812567145	0.9258811650533494
0.35917958979489745	0.3972883840766666	0.8025033040804097
0.3601800900450225	0.3980292878648753	0.6795006434204276
0.3611805902951476	0.3986473853635075	0.556908120526417
0.36218109054527264	0.3991431041059282	0.43476037586512306
0.3631815907953977	0.3995169061152378	0.31309174403229556
0.36418209104552274	0.3997692875939928	0.19193624500338236
0.36518259129564784	0.3999007786052446	0.07132757552222313
0.3661830915457729	0.3999119427450372	-0.0487008993706739
0.36718359179589793	0.3998033768065033	-0.1681161546682186
0.36818409204602304	0.3995757104357008	-0.2868855135839121
0.3691845922961481	0.3992296057793355	-0.40497665559321994
0.37018509254627313	0.3987657571245144	-0.522357624328923
0.3711855927963982	0.3981848905306777	-0.638996835328004
0.3721860930465233	0.39748776345385833	-0.7548630836283488
0.37318659329664833	0.39667516436342104	-0.8699255512137349
0.3741870935467734	0.3957479123514309	-0.9841538143070538
0.3751875937968984	0.39470685673480693	-1.097517850507962
0.3761880940470235	0.39355287665041494	-1.2099880457751289
0.37718859429714857	0.3922868806432567	-1.3215352012515835
0.3781890945472736	0.39090980624791183	-1.432130539932186
0.3791895947973987	0.3894226195633923	-1.5417457131711165
0.38019009504752377	0.3878263148215696	-1.6503528070283824
0.3811905952976488	0.3861219139493355	-1.7579243484553697
0.38219109554777386	0.3843104661246589	-1.8644333113169709
0.38319159579789897	0.38239304732670154	-1.9698531222507587
0.384192096048024	0.3803707598801574	-2.0741576663602377
0.38519259629814906	0.37824473199398106	-2.1773212927435615
0.38619309654827416	0.37601611729467027	-2.2793188198553525
0.3871935967983992	0.37368609435427036	-2.3801255407012722
0.38819409704852426	0.3712558662132677	-2.4797172278649415
0.3891945972986493	0.3687266598985405	-2.5780701383661118
0.3901950975487744	0.36609972593653556	-2.6751610183495256
0.39119559779889945	0.3633763378618414	-2.7709671076044105
0.3921960980490245	0.36055779172132674	-2.8654661439131144
0.3931965982991496	0.35764540557401514	-2.9586363672295946
0.39419709854927465	0.3546405189868676	-3.0504565236863512
0.3951975987993997	0.35154449252664244	-3.1409058694305823
0.39619809904952474	0.34835870724800644	-3.229964174287475
0.39719859929964985	0.34508456417806754	-3.3176117252524393
0.3981990995497749	0.34172348379750156	-3.4038293298110642
0.39919959979989994	0.33827690551844547	-3.488598319086128
0.400200100050025	0.33474628715932936	-3.571900550812995
0.4012006003001501	0.3311331044168195	-3.6537184121420427
0.40220110055027514	0.3274388503350453	-3.734034822268778
0.4032016008004002	0.323665034772282	-3.812833234891899
0.4042021010505253	0.3198131838652615	-3.890097640499024
0.40520260130065033	0.31588483949128393	-3.965812568480054
0.4062031015507754	0.31188155872830137	-4.03996308906912
0.4072036018009004	0.3078049133131457	-4.1125348151148655
0.40820410205102553	0.30365648909807164	-4.18351390367952
0.4092046023011506	0.29943788550578665	-4.252887057467208
0.4102051025512756	0.2951507149831372	-4.32064152608172
0.4112056028014007	0.29079660245362315	-4.386765107114276
0.4122061030515258	0.2863771847689087	-4.4512461470621325
0.4132066033016508	0.28189411015949883	-4.514073542078611
0.41420710355177587	0.2773490376847515	-4.575236738553673
0.41520760380190097	0.2727436366823915	-4.634725733528522
0.416208104052026	0.26807958621769445	-4.692531074942302
0.41720860430215106	0.26335857453250694	-4.748643861713142
0.4182091045522761	0.2585822984942681	-4.803055743653833
0.4192096048024012	0.2537524630451992	-4.855758921222628
0.42021010505252626	0.24887078065182286	-4.906746145111343
0.4212106053026513	0.24393897075497653	-4.956010715670395
0.4222111055527764	0.23895875922048207	-5.003546482172105
0.42321160580290146	0.23393187779063232	-5.049347841913549
0.4242121060530265	0.22886006353665497	-5.0934097391599344
0.42521260630315155	0.22374505831231248	-5.135727663929501
0.42621310655327665	0.218588608208796	-5.1762976506212475
0.4272136068034017	0.21339246301106998	-5.215116276486451
0.42821410705352675	0.20815837565582312	-5.252180659945371
0.42921460730365185	0.20288810169117924	-5.287488458750683
0.4302151075537769	0.19758339873832176	-5.321037867998229
0.43121560780390195	0.19224602595518278	-5.352827617987277
0.432216108054027	0.1868777435023472	-5.382856971931096
0.4332166083041521	0.18148031201132062	-5.411125723519483
0.43421710855427714	0.17605549205530824	-5.437634194334836
0.4352176088044022	0.17060504362265094	-5.462383231122886
0.43621810905452724	0.16513072559306247	-5.485374202920126
0.43721860930465234	0.15963429521681072	-5.506608998039189
0.4382191095547774	0.1541175075969841	-5.526090020913893
0.43921960980490243	0.14858211517498293	-5.543820188805379
0.44022011005502754	0.14302986721937333	-5.559802928371562
0.4412206103051526	0.13746250931823983	-5.574042172100987
0.44222111055527763	0.13188178287517133	-5.586542354613227
0.4432216108054027	0.12628942460901338	-5.597308408827238
0.4442221110555278	0.12068716605751685	-5.606345762000163
0.4452226113056528	0.11507673308501305	-5.613660331637446
0.4462231115557779	0.10945984539424197	-5.619258521277024
0.447223611805903	0.103838216042459	-5.623147216148955
0.448224112056028	0.09821355096194408	-5.625333778712445
0.44922461230615307	0.0925875484850341	-5.625826044072552
0.4502251125562781	0.08696189887379897	-5.624632315277996
0.4512256128064032	0.08133828385447811	-5.621761358502772
0.45222611305652827	0.07571837615679343	-5.617222398112922
0.4532266133066533	0.07010383905825227	-5.61102511162085
0.4542271135567784	0.06449632593355173	-5.603179624529251
0.45522761380690346	0.05889747980919376	-5.593696505066678
0.4562281140570285	0.05330893292341839	-5.582586758816847
0.45722861430715356	0.04773230629156008	-5.56986182324393
0.45822911455727866	0.042169209276930526	-5.5555335621158
0.4592296148074037	0.03662123916732848	-5.539614259827576
0.46023011505752875	0.03108998075727538	-5.522116615627619
0.4612306153076538	0.02557700593607324	-5.503053737748181
0.4622311155577789	0.02008387328177902	-5.482439137442879
0.46323161580790395	0.014612127661187486	-5.460286722933377
0.464232116058029	0.009163299835912265	-5.43661079326744
0.4652326163081541	0.0037389060746526037	-5.411426032090633
0.46623311655827915	-0.001659552228269001	-5.38474750133403
0.4672336168084042	-0.007030588928015457	-5.356590634820204
0.46823411705852924	-0.012372733497909408	-5.326971231789792
0.46923461730865434	-0.01768453139159504	-5.2959054503510155
0.4702351175587794	-0.02296454439861144	-5.263409800854469
0.47123561780890444	-0.02821135099330398	-5.2295011391955555
0.47223611805902954	-0.03342354667700255	-5.194196660046899
0.4732366183091546	-0.03859974431339778	-5.157513890023162
0.47423711855927964	-0.04373857445704887	-5.119470680780589
0.4752376188094047	-0.048838685674958957	-5.080085202053701
0.4762381190595298	-0.05389874486115628	-5.039375934631566
0.47723861930965483	-0.05891743754422209	-4.997361663275985
0.4782391195597799	-0.06389346818770823	-4.954061469584027
0.4792396198099049	-0.06882556048339014	-4.909494724797403
0.48024012006003003	-0.07371245763730304	-4.863681082560897
0.4812406203101551	-0.07855292264851194	-4.816640471632542
0.4822411205602801	-0.08334573858056814	-4.7683930885477555
0.4832416208104052	-0.08808970882560745	-4.71895939023987
0.4842421210605303	-0.09278365736104789	-4.668360086619749
0.4852426213106553	-0.09742642899884696	-4.616616133116459
0.48624312156078037	-0.10201688962728081	-4.5637487231818055
0.48724362181090547	-0.10655392644521057	-4.509779280761079
0.4882441220610305	-0.11103644818880298	-4.454729452732265
0.48924462231115556	-0.1154633853506751	-4.398621101316231
0.49024512256128067	-0.11983369039143545	-4.341476296460478
0.4912456228114057	-0.12414633794359606	-4.28331730819858
0.49224612306153076	-0.12840032500783263	-4.22416659898793
0.4932466233116558	-0.13259467114157192	-4.1640468160279855
0.4942471235617809	-0.13672841863988863	-4.102980783561833
0.49524762381190596	-0.14080063270869558	-4.040991495162752
0.496248124062031	-0.14481040163021414	-3.9781021060090045
0.49724862431215605	-0.14875683692071362	-3.9143359251485044
0.49824912456228115	-0.15263907348051114	-3.849716407756054
0.4992496248124062	-0.15645626973622573	-3.784267147385681
0.5002501250625313	-0.16020760777528248	-3.7180118682199197
0.5012506253126563	-0.16389229347266557	-3.650974417318889
0.5022511255627814	-0.16750955660992026	-3.5831787568710443
0.5032516258129065	-0.17105865098640768	-3.514648956448346
0.5042521260630315	-0.17453885452281695	-3.4454091852676587
0.5052526263131566	-0.177949469356943	-3.375483704461349
0.5062531265632816	-0.18128982193173962	-3.304896859358475
0.5072536268134067	-0.18455926307565998	-3.2336730717795747
0.5082541270635318	-0.18775716807529877	-3.161836832346637
0.5092546273136568	-0.19088293674035325	-3.089412692811419
0.5102551275637819	-0.1939359934609216	-3.0164252584032045
0.511255627813907	-0.19691578725715966	-2.9428991801989657
0.512256128064032	-0.1998217918213195	-2.8688591475178744
0.5132566283141571	-0.2026535055521954	-2.794329880342228
0.5142571285642822	-0.20541045158200397	-2.7193361217668355
0.5152576288144072	-0.20809217779572908	-2.643902630479575
0.5162581290645323	-0.21069825684296314	-2.568054173274423
0.5172586293146574	-0.2132282861422779	-2.491815517599416
0.5182591295647824	-0.21568188787816198	-2.4152114241420137
0.5192596298149075	-0.21805870899056193	-2.3382666394527325
0.5202601300650325	-0.2203584211570674	-2.261005888610404
0.5212606303151576	-0.22258072076778276	-2.183453867930368
0.5222611305652827	-0.22472532889292815	-2.10563523771716
0.5232616308154077	-0.22679199124321708	-2.027574615064809
0.5242621310655328	-0.2287804781230578	-1.949296566705505
0.5252626313156579	-0.23069058437662812	-1.8708256019090568
0.5262631315657829	-0.2325221293268759	-1.7921861654351805
0.527263631815908	-0.23427495670749848	-1.7134026305401089
0.5282641320660331	-0.23594893458795613	-1.6344992920393624
0.5292646323161581	-0.2375439552915772	-1.5555003594287797
0.5302651325662832	-0.2390599353068137	-1.4764299500653055
0.5312656328164082	-0.24049681519170782	-1.3973120824093548
0.5322661330665333	-0.24185455947163242	-1.3181706693305428
0.5332666333166584	-0.2431331565303689	-1.2390295114782373
0.5342671335667833	-0.2443326184945889	-1.1599122907190034
0.5352676338169085	-0.2454529811118069	-1.0808425636421453
0.5362681340670336	-0.24649430362187322	-1.0018437551352066
0.5372686343171585	-0.24745666862207735	-0.9229391520307467
0.5382691345672836	-0.24834018192593474	-0.8441518968264339
0.5392696348174087	-0.24914497241573022	-0.7655049814794396
0.5402701350675337	-0.24987119188889362	-0.6870212412768556
0.5412706353176588	-0.25051901489828393	-0.6087233487836186
0.542271135567784	-0.25108863858646085	-0.530633807869274
0.5432716358179089	-0.2515802825140225	-0.4527749478149823
0.544272136068034	-0.2519941884820908	-0.3751689175023054
0.545272636318159	-0.2523306203490271	-0.2978376796847204
0.5462731365682841	-0.25258986384146026	-0.22080300534360608
0.5472736368184092	-0.2527722263597143	-0.1440864681297449
0.5482741370685342	-0.25287803677771975	-0.06770943889158887
0.5492746373186593	-0.25290764523749754	0.008306919708545024
0.5502751375687844	-0.25286142293830266	0.08394165848940593
0.5512756378189094	-0.2527397619205187	0.1591740469546188
0.5522761380690345	-0.2525430748443934	0.23398357840592743
0.5532766383191596	-0.25227179476370687	0.30834997496367866
0.5542771385692846	-0.2519263748944661	0.3822531924936867
0.5552776388194097	-0.2515072883787195	0.4556734254398398
0.5562781390695347	-0.25101502804358644	0.5285911115607
0.5572786393196598	-0.2504501061555981	0.6009869365702358
0.5582791395697849	-0.24981305417044597	0.6728418386809792
0.5592796398199099	-0.24910442247823614	0.7441370130489289
0.560280140070035	-0.24832478014434814	0.8148539161193513
0.5612806403201601	-0.24747471464599743	0.8849742698729263
0.5622811405702851	-0.2465548316046023	0.9544800659709168
0.5632816408204102	-0.24556575451405557	1.0233535697993235
0.5642821410705353	-0.24450812446500364	1.0915773244106335
0.5652826413206603	-0.24338259986523433	1.159134154363181
0.5662831415707854	-0.2421898561562773	1.2260071694568246
0.5672836418209104	-0.2409305855263207	1.2921797683646263
0.5682841420710355	-0.23960549661954805	1.3576356421601958
0.5692846423211606	-0.23821531424200032	1.4223587777396767
0.5702851425712856	-0.23676077906406873	1.4863334611383698
0.5712856428214107	-0.23524264731972358	1.5495442807412634
0.5722861430715358	-0.2336616905025862	1.6119761303867997
0.5732866433216608	-0.23201869505894998	1.67361421236413
0.5742871435717859	-0.23031446207785794	1.734444040302957
0.575287643821911	-0.22854980697834407	1.7944514419557382
0.576288144072036	-0.22672555919394644	1.8536225618720341
0.5772886443221611	-0.2248425618546	1.9119438639647046
0.5782891445722862	-0.22290167146601703	1.969402133967929
0.5792896448224112	-0.22090375758666417	2.025984481786383
0.5802901450725363	-0.21884970250244426	2.081678343735932
0.5812906453226613	-0.2167404008991923	2.1364714846751482
0.5822911455727864	-0.21457675953309396	2.190352000028248
0.5832916458229115	-0.21235969689913578	2.2433083176987973
0.5842921460730365	-0.2100901428976964	2.295329199874352
0.5852926463231616	-0.20776903849938708	2.3464037447224193
0.5862931465732867	-0.20539733540825156	2.396521387976816
0.5872936468234117	-0.20297599572343344	2.4456719044155943
0.5882941470735368	-0.20050599159942037	2.4938454092299085
0.5892946473236619	-0.19798830490497366	2.541032359284226
0.5902951475737869	-0.19542392688085194	2.5872235542681725
0.591295647823912	-0.19281385779643728	2.6324101377397935
0.592296148074037	-0.19015910660537233	2.676583598060611
0.5932966483241621	-0.18746069060031606	2.7197357692232553
0.5942971485742872	-0.18471963506692585	2.761858831571304
0.5952976488244122	-0.18193697293717345	2.8029453124119446
0.5962981490745373	-0.17911374444210193	2.8429880865215447
0.5972986493246624	-0.17625099676413034	2.881980376544857
0.5982991495747874	-0.17334978368901222	2.9199157532882603
0.5992996498249125	-0.17041116525755381	2.9567881359072596
0.6003001500750376	-0.16743620741719772	2.9925917919886995
0.6013006503251626	-0.16442598167357642	3.0273213375285186
0.6023011505752877	-0.1613815647421407	3.060971736805043
0.6033016508254128	-0.1583040381999663	3.093538302149007
0.6043021510755378	-0.15519448813784267	3.1250166936102746
0.6053026513256629	-0.15205400481274575	3.1554029185225234
0.6063031515757878	-0.14888368230079763	3.1846933309658403
0.607303651825913	-0.14568461815081407	3.212884631128357
0.608304152076038	-0.1424579130385409	3.2399738645675358
0.609304652326163	-0.13920467042167897	3.265958421371756
0.6103051525762881	-0.1359259961957974	3.2908360352228856
0.6113056528264132	-0.1326229983512332	3.3146047823609663
0.6123061530765382	-0.1292967866310755	3.337263080451236
0.6133066533266633	-0.12594847219033073	3.358809687354927
0.6143071535767884	-0.12257916725636567	3.3792436998040034
0.6153076538269134	-0.11918998479072272	3.398564551981592
0.6163081540770385	-0.1157820381524025	3.416772014008064
0.6173086543271635	-0.1123564407627066	3.433866190334471
0.6183091545772886	-0.10891430577173355	3.449847518043683
0.6193096548274137	-0.10545674572661923	3.464716765060667
0.6203101550775387	-0.10198487224161223	3.4784750282725456
0.6213106553276638	-0.09849979567007415	3.4911237315596932
0.6223111555777889	-0.09500262477849285	3.5026646237387298
0.6233116558279139	-0.09149446642259669	3.5130997764184975
0.624312156078039	-0.08797642522565587	3.5224315817702565
0.6253126563281641	-0.08444960325905618	3.5306627502130135
0.6263131565782891	-0.08091509972522984	3.5377963080150816
0.6273136568284142	-0.07737401064302601	3.5438355948132423
0.6283141570785392	-0.07382742853560335	3.548784261050375
0.6293146573286643	-0.07027644212092526	3.552646265332901
0.6303151575787894	-0.06672213600493755	3.555425871709178
0.6313156578289144	-0.06316559037750691	3.557127646870089
0.6323161580790395	-0.059607880711197374	3.557756457273027
0.6333166583291646	-0.056050077462960854	3.557317466190486
0.6343171585792896	-0.0524932457788164	3.5558161306845637
0.6353176588294147	-0.048938445201591727	3.5532581985086438
0.6363181590795398	-0.045386729381799114	3.549649704937541
0.6373186593296648	-0.041839145791716645	3.544996969527408
0.6383191595797899	-0.0382967354427443	3.539306592806737
0.639319659829915	-0.03476053260610317	3.5325854528997933
0.64032016008004	-0.03123156453694471	3.5248407020837935
0.6413206603301651	-0.027710851201935584	3.516079763281214
0.6423211605802901	-0.024199405010382282	3.506310326488635
0.6433216608304152	-0.020698230548958314	3.495540345143452
0.6443221610805403	-0.017208324320095378	3.483778032429876
0.6453226613306653	-0.013730674484098558	3.4710318575256203
0.6463231615807904	-0.010266260605044137	3.457310541790701
0.6473236618309155	-0.006816053400517157	3.442623054899809
0.6483241620810405	-0.0033810144952445198	3.426978610919624
0.6493246623311656	3.7903821322091195e-5	3.4103866643325813
0.6503251625812907	0.0034397588334206426	3.3928569060085176
0.6513256628314157	0.006823617633339127	3.3743992591256697
0.6523261630815408	0.010188557351671982	3.3550238750424977
0.6533266633316658	0.013533665383424123	3.3347411291218205
0.6543271635817909	0.016858039609915623	3.3135616165087414
0.655327663831916	0.020160788616441605	3.2914961478638562
0.656328164082041	0.02344103190564334	3.2685557450532543
0.6573286643321661	0.026697900106548114	3.2447516367967997
0.6583291645822912	0.02993053517923694	3.2200952542762487
0.6593296648324162	0.03313809061510061	3.194598226704648
0.6603301650825413	0.03631973163264624	3.1682723768585928
0.6613306653326664	0.039474635368817804	3.141129716574806
0.6623311655827914	0.04260199106579586	3.113182442212654
0.6633316658329165	0.04570100025324311	3.0844429300840512
0.6643321660830416	0.048770876925963956	3.054923731852323
0.6653326663331666	0.051810847716947765	3.024637569901518
0.6663331665832917	0.054820152065767	2.993597332677674
0.6673336668334167	0.057798042382303114	2.9618160700037586
0.6683341670835418	0.06074378420577452	2.929306988369615
0.6693346673336669	0.06365665635904234	2.8960834461984746
0.6703351675837919	0.06653595109817147	2.8621589490916697
0.671335667833917	0.06938097425722568	2.827547145053004
0.6723361680840421	0.07219104538827747	2.7922618196943167
0.673336668334167	0.07496549789661432	2.7563168914237837
0.6743371685842922	0.07770367917112504	2.7197264066185083
0.6753376688344173	0.08040495070985133	2.6825045347828658
0.6763381690845423	0.08306868824069077	2.6446655636940957
0.6773386693346674	0.08569428183723952	2.606223894536824
0.6783391695847923	0.08828113602976442	2.5671940370278685
0.6793396698349174	0.09082866991129528	2.527590604532823
0.6803401700850426	0.09333631723883007	2.487428309176018
0.6813406703351675	0.0958035265296473	2.4467219569454244
0.6823411705852926	0.09822976115272092	2.4054864427937304
0.6833416708354177	0.10061449941523476	2.363736745737213
0.6843421710855427	0.10295723464419534	2.321487923954063
0.6853426713356678	0.10525747526314287	2.278755109883346
0.6863431715857929	0.10751474486396204	2.235553505326254
0.6873436718359179	0.10972858227379538	2.191898376550906
0.688344172086043	0.11189854161706386	2.1478050494024155
0.689344672336168	0.11402419237260021	2.103288904419409
0.6903451725862931	0.11610511942590268	2.0583653719586925
0.6913456728364182	0.1181409231165176	2.013049927329126
0.6923461730865432	0.12013121928056095	1.967358085936427
0.6933466733366683	0.12207563928839045	1.9213053984401471
0.6943471735867934	0.12397383007744124	1.8749074459243689
0.6953476738369184	0.1258254541802392	1.8281798350831893
0.6963481740870435	0.12763018974760762	1.7811381934227515
0.6973486743371686	0.12938773056708472	1.7337981644808402
0.6983491745872936	0.13109778607656933	1.686175403065454
0.6993496748374187	0.13276008137321563	1.638285570514042
0.7003501750875438	0.1343743572175974	1.5901443299742162
0.7013506753376688	0.13594037003316406	1.5417673417074118
0.7023511755877939	0.13745789190101224	1.4931702584169981
0.7033516758379189	0.13892671054999808	1.4443687206018296
0.704352176088044	0.14034662934221587	1.3953783519366074
0.7053526763381691	0.14171746725387127	1.346214754680608
0.7063531765882941	0.14303905885157708	1.2968935051152901
0.7073536768384192	0.14431125426410188	1.2474301490126571
0.7083541770885443	0.1455339191496024	1.1978401971352441
0.7093546773386693	0.1467069346583724	1.1481391207693175
0.7103551775887944	0.147830197391141	1.0983423472916976
0.7113556778389195	0.1489036193529558	1.0484652557724294
0.7123561780890445	0.1499271279026859	0.9985231726131749
0.7133566783391696	0.15090066569818214	0.9485313672234624
0.7143571785892946	0.15182419063713282	0.8985050477357814
0.7153576788394197	0.1526976757936537	0.8484593567599508
0.7163581790895448	0.15352110935065272	0.7984093671784681
0.7173586793396698	0.15429449452801064	0.7483700779837565
0.7183591795897949	0.15501784950662023	0.698356410158224
0.71935967983992	0.15569120734832712	0.6483832025981628
0.720360180090045	0.15631461591181658	0.5984652080824743
0.7213606803401701	0.15688813776449204	0.5486170892875647
0.7223611805902952	0.15741185009039174	0.4988534148490237
0.7233616808404202	0.15788584459419008	0.4491886554705282
0.7243621810905453	0.1583102274013328	0.3996371800823184
0.7253626813406704	0.15868511895435472	0.3502132520486617
0.7263631815907954	0.15901065390543012	0.3009310254260128
0.7273636818409205	0.15928698100520672	0.2518045412726322
0.7283641820910455	0.15951426298797539	0.2028477240104548
0.7293646823411706	0.15969267645322766	0.15407437783969413
0.7303651825912957	0.1598224117436548	0.10549818320758353
0.7313656828414207	0.15990367281964285	0.0571326933317684
0.7323661830915458	0.15993667713031834	0.008991330779001272
0.7333666833416709	0.15992165548120085	-0.03891261589991646
0.7343671835917959	0.1598588518985185	-0.0865659954784187
0.735367683841921	0.15974852349024404	-0.1339557973047273
0.7363681840920461	0.15959094030390905	-0.18106915449432603
0.7373686843421711	0.15938638518125542	-0.2278933470631489
0.7383691845922962	0.15913515360978278	-0.27441580500159324
0.7393696848424212	0.15883755357125223	-0.32062411128801205
0.7403701850925463	0.15849390538720676	-0.3665060048414631
0.7413706853426714	0.1581045415615693	-0.41204938341316
0.7423711855927964	0.15766980662038044	-0.45724230641588925
0.7433716858429215	0.15719005694873753	-0.5020729976910054
0.7443721860930466	0.15666566062499843	-0.5465298482123238
0.7453726863431716	0.15609699725231288	-0.5906014187265773
0.7463731865932967	0.15548445778754527	-0.6342764423299257
0.7473736868434218	0.154828444367653	-0.6775438269799733
0.7483741870935467	0.15412937013358533	-0.7203926579428394
0.7493746873436719	0.15338765905176732	-0.7628122001753085
0.7503751875937968	0.1526037457332347	-0.8047919006409915
0.751375687843922	0.15177807525048537	-0.8463213905605116
0.752376188094047	0.15091110295211368	-0.8873904875954935
0.753376688344172	0.15000329427529438	-0.9279891979656757
0.7543771885942971	0.14905512455618233	-0.9681077184992282
0.7553776888444222	0.14806707883829592	-1.0077364386156111
0.7563781890945472	0.14703965167895114	-1.0468659422410291
0.7573786893446723	0.14597334695381384	-1.0854870096562441
0.7583791895947974	0.14486867765963865	-1.1235906192759575
0.7593796898449224	0.14372616571526192	-1.1611679493606086
0.7603801900950475	0.14254634176091743	-1.1982103796594756
0.7613806903451726	0.14132974495594297	-1.234709492985389
0.7623811905952976	0.14007692277494668	-1.2706570767207215
0.7633816908454227	0.13878843080250153	-1.3060451242548758
0.7643821910955477	0.13746483252643696	-1.3408658363526504
0.7653826913456728	0.13610669912979623	-1.3751116224540587
0.7663831915957979	0.13471460928152884	-1.4087751019048604
0.7673836918459229	0.1332891489259865	-1.4418491051184368
0.768384192096048	0.13183091107129197	-1.474326674668555
0.7693846923461731	0.1303404955766494	-1.5062010663132868
0.7703851925962981	0.1288185089386654	-1.5374657499499234
0.7713856928464232	0.12726556407674955	-1.5681144105011007
0.7723861930965483	0.12568228011766322	-1.5981409487321463
0.7733866933466733	0.12406928217928526	-1.6275394819998679
0.7743871935967984	0.12242720115366348	-1.6563043449324826
0.7753876938469234	0.1207566734894203	-1.6844300900414888
0.7763881940970485	0.1190583409735805	-1.711911488265161
0.7773886943471736	0.11733285051289	-1.73874352944383
0.7783891945972986	0.11558085391469285	-1.764921422727536
0.7793896948474237	0.11380300766743492	-1.7904405969157433
0.7803901950975488	0.11199997272086136	-1.8152967007298708
0.7813906953476738	0.11017241426597518	-1.839485603018519
0.7823911955977989	0.10832100151482432	-1.8630033928958358
0.783391695847924	0.10644640748018352	-1.8858463798132885
0.784392196098049	0.10454930875519775	-1.9080110935651429
0.7853926963481741	0.10263038529305324	-1.9294942842278882
0.7863931965982992	0.10069032018674197	-1.9502929220341982
0.7873936968484242	0.09872979944898483	-1.97040419718153
0.7883941970985493	0.09674951179237891	-1.9898255195758343
0.7893946973486743	0.09475014840983316	-2.008554518510945
0.7903951975987994	0.09273240275535703	-2.0265890422837205
0.7913956978489245	0.09069697032526573	-2.04392715774572
0.7923961980990495	0.08864454843986559	-2.0605671497916367
0.7933966983491746	0.08657583602568246	-2.0765075207850243
0.7943971985992997	0.08449153339829554	-2.0917469899218513
0.7953976988494247	0.08239234204583877	-2.1062844925323136
0.7963981990995498	0.08027896441323092	-2.1201191793215335
0.7973986993496749	0.0781521036871957	-2.1332504155494174
0.7983991995997999	0.07601246358213208	-2.1456777801505678
0.799399699849925	0.07386074812689457	-2.157401064794562
0.80040020010005	0.07169766145254296	-2.1684202728872726
0.8014007003501751	0.06952390758112002	-2.1787356185138247
0.8024012006003002	0.06734019021551531	-2.1883475253237292
0.8034017008504252	0.06514721253047258	-2.1972566253588983
0.8044022011005503	0.06294567696479751	-2.2054637578252274
0.8054027013506754	0.060736285014822124	-2.2129699678080894
0.8064032016008004	0.05851973702918133	-2.2197765049328315
0.8074037018509255	0.05629673200495647	-2.2258848219706766
0.8084042021010506	0.05406796738523999	-2.231296573390787
0.8094047023511756	0.051834138858174894	-2.2360136138591704
0.8104052026013007	0.049595940157521654	-2.2400379966851585
0.8114057028514257	0.04735406286480458	-2.243371972216253
0.8124062031015508	0.04510919621308915	-2.2460179861819376
0.8134067033516759	0.0428620268924407	-2.2479786779873376
0.8144072036018009	0.04061323885711448	-2.2492568789573943
0.815407703851926	0.03836351313452592	-2.2498556105324115
0.8164082041020511	0.03611352763604965	-2.2497780824156375
0.817408704352176	0.033863956969694645	-2.2490276906737723
0.8184092046023012	0.03161547225470211	-2.2476080157912603
0.8194097048524263	0.029368740938112124	-2.245522820679009
0.8204102051025512	0.027124426613344094	-2.242776048638434
0.8214107053526764	0.02488318884083526	-2.239371821281755
0.8224112056028015	0.022645682970780585	-2.2353144364092685
0.8234117058529264	0.020412559968016723	-2.230608365844452
0.8244122061030515	0.018184466239091684	-2.2252582532278335
0.8254127063531765	0.015962043461561055	-2.219268911770436
0.8264132066033016	0.013745928415550812	-2.2126453219676567
0.8274137068534267	0.011536752817625746	-2.2053926292745234
0.8284142071035517	0.009335143157001765	-2.1975161417431734
0.8294147073536768	0.007141720534139397	-2.1890213276234305
0.8304152076038019	0.004957100501754904	-2.1799138129274365
0.8314157078539269	0.002781892908284524	-2.1701993789592247
0.832416208104052	0.000616701743836455	-2.1598839598101196
0.8334167083541771	-0.0015378750113357149	-2.1489736398209174
0.8344172086043021	-0.0036812455358053798	-2.137474651011765
0.8354177088544272	-0.005812824313359245	-2.1253933704806593
0.8364182091045522	-0.007932032276766698	-2.1127363177715095
0.8374187093546773	-0.010038296948902264	-2.0995101522126998
0.8384192096048024	-0.012131052581192098	-2.085721670227087
0.8394197098549274	-0.01420974028935644	-2.071377802614403
0.8404202101050525	-0.016273808186420904	-2.056485611806982
0.8414207103551776	-0.018322711512970404	-2.0410522890998064
0.8424212106053026	-0.020355912764620517	-2.025085151855779
0.8434217108554277	-0.022372881816681962	-2.008591640687226
0.8444222111055528	-0.02437309604599497	-1.9915793166145699
0.8454227113556778	-0.0263560404499111	-1.9740558582031358
0.8464232116058029	-0.02832120776240124	-1.9560290586790856
0.847423711855928	-0.030268098567269273	-1.937506823025379
0.848424212106053	-0.032196221408452	-1.9184971650588085
0.8494247123561781	-0.03410509289738689	-1.8990082044890582
0.8504252126063031	-0.035994237817430115	-1.8790481639607073
0.8514257128564282	-0.037863189225308305	-1.8586253660792007
0.8524262131065533	-0.03971148854958852	-1.83774823042172
0.8534267133566783	-0.04153868568615175	-1.8164252705339805
0.8544272136068034	-0.04334433909065648	-1.7946650909138433
0.8554277138569285	-0.045128015867979446	-1.7724763839828128
0.8564282141070535	-0.046889291858622104	-1.749867927046251
0.8574287143571786	-0.04862775172207195	-1.7268485792434236
0.8584292146073037	-0.05034298901710895	-1.703427278488219
0.8594297148574287	-0.052034606279048386	-1.67961303840157
0.8604302151075538	-0.053702215093912084	-1.6554149452365219
0.8614307153576788	-0.05534543616952143	-1.6308421547969292
0.8624312156078039	-0.05696389940350594	-1.6059038893506161
0.863431715857929	-0.05855724394822267	-1.580609434538152
0.864432216108054	-0.060125118272582254	-1.554968136278003
0.8654327163581791	-0.06166718022077868	-1.528989397669135
0.8664332166083042	-0.06318309706792052	-1.5026826758919205
0.8674337168584292	-0.06467254557256252	-1.476057479108346
0.8684342171085543	-0.06613521202613722	-1.4491233633623646
0.8694347173586794	-0.06757079229928725	-1.4218899294814458
0.8704352176088044	-0.06897899188510011	-1.3943668199801473
0.8714357178589295	-0.07035952593924756	-1.3665637159666482
0.8724362181090545	-0.0717121193170334	-1.3384903340531509
0.8734367183591796	-0.07303650660735386	-1.3101564232711749
0.8744372186093047	-0.07433243216357575	-1.281571761992381
0.8754377188594297	-0.07559965013133864	-1.2527461548560437
0.8764382191095548	-0.07683792447328784	-1.223689429703946
0.8774387193596799	-0.07804702899074653	-1.1944114345237775
0.8784392196098049	-0.07922674734233541	-1.164922034401529
0.87943971985993	-0.0803768730595496	-1.1352311084840554
0.8804402201100551	-0.08149720955930352	-1.1053485469526418
0.8814407203601801	-0.08258757015345489	-1.0752842480083318
0.8824412206103052	-0.08364777805532018	-1.0450481148698219
0.8834417208604303	-0.08467766638319452	-1.0146500527848865
0.8844422211105553	-0.08567707816088996	-0.9840999660561678
0.8854427213606804	-0.08664586631530685	-0.9534077550818961
0.8864432216108054	-0.08758389367105376	-0.9225833134127309
0.8874437218609305	-0.08849103294213233	-0.8916365248251845
0.8884442221110556	-0.08936716672070413	-0.8605772604126649
0.8894447223611806	-0.09021218746295766	-0.8294153756948364
0.8904452226113057	-0.09102599747209379	-0.7981607077459582
0.8914457228614308	-0.09180850887844957	-0.7668230723431521
0.8924462231115557	-0.0925596436167801	-0.7354122611351668
0.8934467233616809	-0.0932793334007199	-0.703938038832605
0.894447223611806	-0.0939675196944453	-0.6724101404201945
0.8954477238619309	-0.09462415368156027	-0.640838268391751
0.896448224112056	-0.09524919623122882	-0.6092320900088557
0.897448724362181	-0.09584261786157798	-0.5776012345834677
0.8984492246123061	-0.09640439870039576	-0.5459552907857573
0.8994497248624312	-0.0969345284431495	-0.5143038039773229
0.9004502251125562	-0.0974330063083504	-0.4826562735707335
0.9014507253626813	-0.09789984099029096	-0.4510221504159806
0.9024512256128064	-0.09833505060918236	-0.41941083421449116
0.9034517258629314	-0.09873866265871996	-0.38783167096139576
0.9044522261130565	-0.09911071395110516	-0.35629395041648915
0.9054527263631816	-0.09945125055955294	-0.3248069036048268
0.9064532266133066	-0.0997603277583148	-0.29337970034724187
0.9074537268634317	-0.10003800996024742	-0.26202144682153233
0.9084542271135568	-0.10028437065195785	-0.2307411831547479
0.9094547273636818	-0.10049949232655692	-0.19954788104745852
0.9104552276138069	-0.10068346641405275	-0.16845044143015686
0.9114557278639319	-0.10083639320941723	-0.13745769215268988
0.912456228114057	-0.10095838179835813	-0.10657838570687223
0.9134567283641821	-0.10104954998083096	-0.07582119698324591
0.9144572286143071	-0.10111002419232461	-0.04519472106215283
0.9154577288644322	-0.10113993942295528	-0.014707471039633602
0.9164582291145573	-0.10113943913440389	0.015632124111271406
0.9174587293646823	-0.10110867517473274	0.04581572164324976
0.9184592296148074	-0.10104780769111739	0.07583506710125837
0.9194597298649325	-0.10095700504053023	0.10568199635235115
0.9204602301150575	-0.10083644369841269	0.1353484375783559
0.9214607303651826	-0.10068630816537354	0.16482641323088687
0.9224612306153076	-0.1005067908719509	0.19410804194856107
0.9234617308654327	-0.1002980920814764	0.22318554043562755
0.9244622311155578	-0.10006041979107964	0.25205122530215507
0.9254627313656828	-0.0997939896308721	0.28069751486500816
0.9264632316158079	-0.09949902476134963	0.30911693090939635
0.927463731865933	-0.09917575576905333	0.33730210041064274
0.928464232116058	-0.09882442056052834	0.3652457572160192
0.9294647323661831	-0.09844526425462129	0.39294074368602383
0.9304652326163082	-0.09803853907315631	0.4203800122952184
0.9314657328664332	-0.09760450423003085	0.44755662719198064
0.9324662331165583	-0.09714342581877235	0.4744637657170189
0.9334667333666833	-0.09665557669859683	0.501094719880607
0.9344672336168084	-0.09614123637901113	0.5274428977980402
0.9354677338669335	-0.09560069090300076	0.5535018250831109
0.9364682341170585	-0.09503423272884491	0.5792651461996728
0.9374687343671836	-0.09444216061060141	0.6047266257706574
0.9384692346173087	-0.0938247794773036	0.6298801498448026
0.9394697348674337	-0.09318240031091181	0.6547197271206118
0.9404702351175588	-0.09251534002306239	0.6792394901275547
0.9414707353676839	-0.09182392133065671	0.7034336963643584
0.9424712356178089	-0.09110847263033367	0.7272967293941098
0.943471735867934	-0.09036932787186848	0.7508230998962347
0.9444722361180591	-0.0896068264305412	0.7740074466751762
0.9454727363681841	-0.08882131297851813	0.7968445376257821
0.9464732366183092	-0.08801313735528964	0.8193292706551516
0.9474737368684342	-0.08718265443720781	0.8414566745610086
0.9484742371185593	-0.08633022400616762	0.8632219098664503
0.9494747373686844	-0.08545621061747491	0.8846202696113011
0.9504752376188094	-0.08456098346694502	0.9056471800996807
0.9514757378689345	-0.08364491625727555	0.926298201604045
0.9524762381190596	-0.08270838706373693	0.9465690290256096
0.9534767383691846	-0.08175177819922434	0.9664554925111964
0.9544772386193097	-0.08077547607871453	0.9859535580265463
0.9554777388694348	-0.07977987108317126	1.0050593278860196
0.9564782391195598	-0.07876535742294251	1.0237690412390963
0.9574787393696849	-0.07773233300069309	1.042079074513251
0.9584792396198099	-0.076681199273916	1.0599859418136335
0.959479739869935	-0.0756123611170658	1.0774862952795603
0.9604802401200601	-0.0745262266833569	1.094576925397911
0.961480740370185	-0.07342320726626998	1.111254761273668
0.9624812406203102	-0.07230371716080956	1.127516870857395
0.9634817408704353	-0.07116817352455519	1.1433604611302273
0.9644822411205602	-0.07001699623854911	1.1587828782462506
0.9654827413706853	-0.06885060776806269	1.1737816076325402
0.9664832416208105	-0.06766943302328403	1.1883542740470308
0.9674837418709354	-0.06647389921996864	1.2024986415943988
0.9684842421210605	-0.06526443574009523	1.2162126137001752
0.9694847423711856	-0.06404147399256829	1.2294942330432144
0.9704852426213106	-0.0628054472740088	1.242341681446976
0.9714857428714357	-0.06155679062967434	1.2547532797295875
0.9724862431215607	-0.06029594071454963	1.266727487513112
0.9734867433716858	-0.05902333565464812	1.2782629029922283
0.9744872436218109	-0.05773941490856516	1.2893582626625835
0.9754877438719359	-0.05644461912932295	1.30001244100909
0.976488244122061	-0.05513939002654698	1.3102244501545581
0.9774887443721861	-0.05382417022901384	1.3199934394688209
0.9784892446223111	-0.05249940314760934	1.3293186951387896
0.9794897448724362	-0.05116553283873626	1.338199639699642
0.9804902451225613	-0.04982300386821006	1.34663583152762
0.9814907453726863	-0.04847226117568102	1.3546269642946487
0.9824912456228114	-0.04711374993962076	1.3621728663852395
0.9834917458729364	-0.04574791544291055	1.3692735002759568
0.9844922461230615	-0.044375202939068846	1.3759289618778674
0.9854927463731866	-0.042996057519154814	1.3821394798422988
0.9864932466233116	-0.04161092397938425	1.3879054148303975
0.9874937468734367	-0.04022024668949401	1.393227258746795
0.9884942471235618	-0.03882446946189066	1.3981056339377949
0.9894947473736868	-0.03742403542161842	1.4025412923545955
0.9904952476238119	-0.03601938687718147	1.4065351146818235
0.991495747873937	-0.03461096519225478	1.4100881094319395
0.992496248124062	-0.033199210658317595	1.4132014120059218
0.9934967483741871	-0.03178456236824293	1.4158762837205974
0.9944972486243121	-0.0303674580908764	1.4181141108031563
0.9954977488744372	-0.028948334146636612	1.4199164033533995
0.9964982491245623	-0.0275276252841696	1.4212847942739504
0.9974987493746873	-0.02610576455808871	1.4222210381691809
0.9984992496248124	-0.02468318320783124	1.4227270102131138
0.9994997498749375	-0.023260310537662483	1.4228047049869366
1.0005002501250626	-0.021837573797857366	1.4224562352865775
1.0015007503751876	-0.020415398067089332	1.4216838309008464
1.0025012506253126	-0.018994206136055673	1.4204898373606656
1.0035017508754378	-0.017574418392368	1.4188767146598775
1.0045022511255628	-0.016156452706735918	1.4168470359482233
1.0055027513756878	-0.014740724320471554	1.414403486196942
1.006503251625813	-0.013327645734342038	1.4115488608375735
1.007503751875938	-0.011917626598796407	1.4082860643745143
1.008504252126063	-0.010511073605593009	1.404618108971807
1.0095047523761882	-0.009108390380852793	1.4005481130148068
1.0105052526263132	-0.007709977379563395	1.3960792996472142
1.0115057528764382	-0.006316231781558364	1.3912149952840547
1.0125062531265632	-0.004927547388995286	1.3859586281011749
1.0135067533766884	-0.0035443145253560146	1.3803137265018197
1.0145072536268134	-0.002166919935991646	1.3742839175608654
1.0155077538769384	-0.0007957466902342833	1.3678729254472795
1.0165082541270636	0.0005688259149029134	1.361084569825398
1.0175087543771886	0.0019264224494165128	1.353922764235598
1.0185092546273136	0.0032766714433741097	1.3463915144549534
1.0195097548774388	0.00461920547832642	1.3384949168384648
1.0205102551275638	0.005953661277051038	1.3302371566414577
1.0215107553776888	0.007279679791609335	1.3216225063237461
1.022511255627814	0.00859690628969853	1.3126553238361505
1.023511755877939	0.009904990439281636	1.3033400508899884
1.024512256128064	0.011203586391478507	1.2936812112101246
1.0255127563781892	0.012492352861701885	1.2836834087721931
1.0265132566283142	0.013770953209022895	1.273351326024596
1.0275137568784392	0.015039055513751077	1.2626897220958804
1.0285142571285644	0.016296332653214656	1.2517034309881279
1.0295147573786894	0.017542462375727333	1.2403973597569264
1.0305152576288144	0.01877712737272851	1.2287764866785733
1.0315157578789396	0.020000015349084483	1.2168458594050986
1.0325162581290646	0.021210819091538706	1.2046105931077227
1.0335167583791895	0.02240923653529993	1.1920758686094057
1.0345172586293148	0.02359497082875752	1.179246930507012
1.0355177588794398	0.024767730396313956	1.1661290852837785
1.0365182591295647	0.025927228999325078	1.1527276994126918
1.0375187593796897	0.027073185795139343	1.1390481974513644
1.038519259629815	0.028205325394227806	1.1250960601290068
1.03951975987994	0.029323377915397353	1.1108768224261725
1.040520260130065	0.03042707903908015	1.0963960716478156
1.0415207603801901	0.031516170058692984	1.081659445490303
1.0425212606303151	0.03259039793006076	1.0666726301030056
1.0435217608804401	0.03364951531889899	1.0514413581450313
1.0445222611305653	0.03469328064635082	1.0359714068377823
1.0455227613806903	0.03572145813257455	1.0202685960138125
1.0465232616308153	0.036733817838378445	1.004338786162729
1.0475237618809405	0.03773013570490002	0.9881878764746512
1.0485242621310655	0.03871019359132775	0.9718218028818282
1.0495247623811905	0.039673779310663675	0.9552465360990816
1.0505252626313157	0.04062068666352591	0.9384680796635444
1.0515257628814407	0.04155071546999076	0.9214924679744086
1.0525262631315657	0.04246367159947472	0.9043257643332122
1.053526763381691	0.04335936699865718	0.8869740589852009
1.054527263631816	0.04423761971744513	0.8694434671624278
1.055527763881941	0.04509825393298204	0.8517401271291337
1.0565282641320661	0.0459410999717034	0.8338701982300301
1.0575287643821911	0.0467659943294421	0.8158398589419302
1.0585292646323161	0.04757277968958726	0.7976553049294024
1.0595297648824413	0.0483613049393009	0.779322747104988
1.0605302651325663	0.049131425183797234	0.7608484096945263
1.0615307653826913	0.049883001758689954	0.74223852830815
1.0625312656328163	0.05061590224041354	0.7234993480174784
1.0635317658829415	0.05133000045472491	0.7046371214395608
1.0645322661330665	0.05202517648329266	0.6856581068281908
1.0655327663831915	0.0527013166683813	0.6665685661729516
1.0665332666333167	0.05335831361563857	0.6473747633066601
1.0675337668834417	0.05399606619499462	0.6280829620217455
1.0685342671335667	0.05461447953968207	0.6086994241960089
1.069534767383692	0.05521346504338664	0.5892304079282394
1.070535267633817	0.05579294035553855	0.5696821656843744
1.071535767883942	0.056352829374755393	0.5500609424544979
1.072536268134067	0.05689306224044755	0.5303729739212886
1.073536768384192	0.05741357532259797	0.5106244846404296
1.074537268634317	0.05791431120972841	0.4908216862333954
1.0755377688844423	0.058395218695064754	0.47097077559310474
1.0765382691345673	0.05885625276091463	0.45107793310297795
1.0775387693846923	0.05929737456127071	0.43114932086972185
1.0785392696348175	0.05971855140265408	0.41119108097054446
1.0795397698849425	0.060119756723211806	0.3912093337149584
1.0805402701350675	0.060500970070083995	0.3712101759218711
1.0815407703851927	0.06086217707505555	0.3511996792122593
1.0825412706353177	0.06120336942850851	0.33118388831788675
1.0835417708854427	0.061524544851691315	0.3111688194065432
1.084542271135568	0.0618257070673216	0.29116045842413063
1.0855427713856929	0.06210686576853958	0.27116475945406987
1.0865432716358179	0.06236803658622974	0.2511876430944838
1.0875437718859429	0.06260924105472855	0.2312349948534638
1.088544272136068	0.06283050657593665	0.2113126635628071
1.089544772386193	0.06303186638185417	0.19142645981071182
1.090545272636318	0.06321335949555808	0.17158215439359165
1.0915457728864433	0.06337503069064135	0.15178547678770804
1.0925462731365683	0.0635169304491335	0.1320421136406652
1.0935467733866933	0.06363911491792267	0.11235770728328098
1.0945472736368185	0.06374164586370006	0.09273785426219122
1.0955477738869435	0.06382459062644705	0.07318810389328467
1.0965482741370685	0.06388802207148661	0.053713956836745624
1.0975487743871937	0.06393201854012054	0.034320863693676484
1.0985492746373187	0.06395666379887396	0.01501422362452931
1.0995497748874437	0.0639620469873696	-0.0042006170099459506
1.1005502751375689	0.06394826256485407	-0.023318365985285083
1.1015507753876939	0.06391541025539904	-0.04233378652702957
1.1025512756378189	0.06386359499180001	-0.06124169860129147
1.103551775887944	0.06379292685819646	-0.08003698018183014
1.104552276138069	0.06370352103143635	-0.09871456849357835
1.105552776388194	0.06359549772120932	-0.117269461232139
1.1065532766383193	0.06346898210897207	-0.13569671775918307
1.1075537768884443	0.06332410428569095	-0.15399146027329086
1.1085542771385692	0.06316099918842549	-0.17214887495632658
1.1095547773886945	0.0629798065357783	-0.19016421309482612
1.1105552776388194	0.06278067076223584	-0.20803279217634918
1.1115557778889444	0.0625637409514256	-0.22574999696055656
1.1125562781390694	0.06232917076831473	-0.2433112805248043
1.1135567783891946	0.06207711839037599	-0.2607121652840813
1.1145572786393196	0.061807746437746565	-0.27794824398512386
1.1155577788894446	0.06152122190240574	-0.29501518067449534
1.1165582791395698	0.06121771607639758	-0.3119087116405204
1.1175587793896948	0.0608974044791247	-0.32862464632892746
1.1185592796398198	0.060560466783739726	-0.34515886823195324
1.119559779889945	0.0602070867426608	-0.36150733575094834
1.12056028014007	0.05983745211223782	-0.3776660830322326
1.121560780390195	0.059451754576596336	-0.39363122077603824
1.1225612806403202	0.05905018967068574	-0.40939893701865543
1.1235617808904452	0.058632956702559025	-0.42496549788738
1.1245622811405702	0.05820025867491097	-0.44032724832846964
1.1255627813906954	0.057752302205902085	-0.45548061280775015
1.1265632816408204	0.05728929744929547	-0.47042209598404866
1.1275637818909454	0.05681145801393399	-0.4851482833551843
1.1285642821410706	0.0563190008825851	-0.49965584187658396
1.1295647823911956	0.05581214633018082	-0.5139415205524314
1.1305652826413206	0.05529111784148024	-0.5280021509992995
1.1315657828914458	0.05475614202818222	-0.5418346479822908
1.1325662831415708	0.05420744854551566	-0.5554360099235788
1.1335667833916958	0.05364527000833507	-0.5688033193833805
1.1345672836418208	0.0530698419067489	-0.5819337435133999
1.135567783891946	0.05248140252130827	-0.5948245344826152
1.136568284142071	0.05188019283778367	-0.6074730298755819
1.137568784392196	0.05126645646155711	-0.6198766530631367
1.1385692846423212	0.050640439531657394	-0.6320329135455944
1.1395697848924462	0.050002390634465925	-0.6439394072684651
1.1405702851425712	0.049352560717120464	-0.6555938169107502
1.1415707853926964	0.048691203000644424	-0.6669939121457732
1.1425712856428214	0.04801857289282892	-0.6781375498747487
1.1435717858929464	0.04733492790089493	-0.6890226744330415
1.1445722861430716	0.046640527543962834	-0.6996473177692635
1.1455727863931966	0.0459356332653564	-0.7100095995972444
1.1465732866433216	0.045220508344768345	-0.7201077275209682
1.1475737868934468	0.04449541781031446	-0.7299399971326045
1.1485742871435718	0.043760628350503136	-0.7395047920836818
1.1495747873936968	0.0430164082261471	-0.7488005841296344
1.150575287643822	0.04226302718224387	-0.7578259331477016
1.151575787893947	0.0415007563598517	-0.7665794871283237
1.152576288144072	0.04072986820798723	-0.7750599821403186
1.1535767883941972	0.03995063639557105	-0.7832662422698373
1.1545772886443222	0.039163335723447545	-0.7911971795331908
1.1555777888944472	0.03836824203650468	-0.7988517937639362
1.1565782891445724	0.037565632135919666	-0.8062291724742106
1.1575787893946974	0.036755783691556264	-0.8133284906904105
1.1585792896448224	0.03593897515453884	-0.8201490107636946
1.1595797898949474	0.035115485670028874	-0.8266900821550828
1.1605802901450726	0.034285594990228666	-0.8329511411957514
1.1615807903951976	0.03344958338763738	-0.8389317108223743
1.1625812906453226	0.03260773156858392	-0.8446314002880269
1.1635817908954478	0.03176032058706133	-0.8500499048485245
1.1645822911455728	0.03090763175888686	-0.8551870054247408
1.1655827913956978	0.030049946576211854	-0.8600425682408364
1.166583291645823	0.029187546622405188	-0.8646165444389265
1.167583791895948	0.028320713487334	-0.8689089696701131
1.168584292146073	0.027449728683064962	-0.8729199636623424
1.1695847923961982	0.026574873560009316	-0.8766497297652363
1.1705852926463232	0.02569642922353449	-0.880098554472174
1.1715857928964482	0.02481467645106497	-0.883266806919877
1.1725862931465734	0.023929895609694735	-0.8861549383657757
1.1735867933966984	0.023042366574333416	-0.888763481643363
1.1745872936468233	0.022152368646408006	-0.8910930505958824
1.1755877938969486	0.02126018047314165	-0.893144339488604
1.1765882941470736	0.020366079967430797	-0.8949181223999666
1.1775887943971985	0.019470344228341718	-0.8964152525918513
1.1785892946473238	0.018573249462247095	-0.8976366618593107
1.1795897948974488	0.017675070904623096	-0.8985833598600425
1.1805902951475737	0.01677608274252701	-0.8992564334239072
1.181590795397699	0.01587655803777528	-0.8996570458427886
1.182591295647824	0.014976768650841433	-0.8997864361411194
1.183591795897949	0.014076985165493036	-0.8996459183274029
1.184592296148074	0.013177476814186625	-0.8992368806269718
1.1855927963981991	0.012278511404239092	-0.8985607846964272
1.1865932966483241	0.01138035524479377	-0.8976191648199915
1.1875937968984491	0.01048327307459911	-0.8964136270881301
1.1885942971485743	0.00958752799061751	-0.8949458485587947
1.1895947973986993	0.008693381377481522	-0.893217576401606
1.1905952976488243	0.0078010928378143	-0.8912306270253303
1.1915957978989495	0.006910920123430861	-0.8889868851889803
1.1925962981490745	0.00602311906743634	-0.8864883030968943
1.1935967983991995	0.0051379435172370725	-0.8837368994781577
1.1945972986493247	0.004255645268480024	-0.8807347586506928
1.1955977988994497	0.0033764739999356877	-0.8774840295704011
1.1965982991495747	0.0025006772093392224	-0.873986924865702
1.1975987993997	0.0016285001502042836	-0.8702457198578246
1.198599299649825	0.000760185769623573	-0.8662627515672361
1.19959979989995	-0.00010402535293018869	-0.8620404177065558
1.2006003001500751	-0.0009638950657895388	-0.857581175660331
1.2016008004002001	-0.0018191877042508507	-0.852887541452044
1.2026013006503251	-0.002669670148693627	-0.8479620886987255
1.2036018009004503	-0.0035151118816483017	-0.8428074475535435
1.2046023011505753	-0.004355285043800715	-0.8374263036367521
1.2056028014007003	-0.005189964488921807	-0.8318213969553656
1.2066033016508255	-0.0060189278377114465	-0.8259955208119534
1.2076038019009505	-0.0068419555305457135	-0.819951520702928
1.2086043021510755	-0.0076588308791173025	-0.813692293206705
1.2096048024012005	-0.008469340116959123	-0.8072207848621228
1.2106053026513257	-0.00927327244884155	-0.8005399910375058
1.2116058029014507	-0.010070420099034133	-0.7936529547907514
1.2126063031515757	-0.01086057835842305	-0.7865627657208524
1.213606803401701	-0.011643545630475838	-0.7792725588111893
1.214607303651826	-0.012419123476045431	-0.7717855132650248
1.215607803901951	-0.01318711665700589	-0.7641048513335746
1.216608304152076	-0.013947333178712582	-0.7562338371370431
1.217608804402201	-0.014699584331279974	-0.7481757754790024
1.218609304652326	-0.015443684729670587	-0.7399340106545287
1.2196098049024513	-0.01617945235258903	-0.7315119252524274
1.2206103051525763	-0.016906708580175442	-0.7229129389520021
1.2216108054027013	-0.017625278230493032	-0.7141405073147287
1.2226113056528265	-0.0183349895948049	-0.7051981205712203
1.2236118059029515	-0.019035674471635476	-0.6960893024038228
1.2246123061530765	-0.019727168199612545	-0.6868176087253142
1.2256128064032017	-0.020409309689086105	-0.6773866264540626
1.2266133066533267	-0.02108194145252067	-0.6677999722859741
1.2276138069034517	-0.021744909633658053	-0.6580612914636759
1.228614307153577	-0.022398064035448025	-0.6481742565432966
1.2296148074037019	-0.023041258146744646	-0.638142566159211
1.2306153076538269	-0.023674349167766447	-0.6279699437871673
1.231615807903952	-0.02429719803431898	-0.617660136506118
1.232616308154077	-0.02490966944077868	-0.6072169137591871
1.233616808404202	-0.02551163186183736	-0.5966440661141197
1.234617308654327	-0.026102957573006923	-0.5859454040235551
1.2356178089044523	-0.02668352266988447	-0.5751247565855978
1.2366183091545773	-0.027253207086178115	-0.564185970304958
1.2376188094047023	-0.027811894610494384	-0.5531329078550598
1.2386193096548275	-0.028359472901888238	-0.5419694468414681
1.2396198099049525	-0.02889583350417732	-0.5306994785670375
1.2406203101550775	-0.02942087185902231	-0.5193269067991397
1.2416208104052027	-0.029934487317775604	-0.5078556465392785
1.2426213106553277	-0.030436583152100866	-0.49628962279545974
1.2436218109054527	-0.030927066563366527	-0.484632769357762
1.2446223111555779	-0.03140584869081639	-0.4728890275772935
1.2456228114057029	-0.031872844618521114	-0.4610623451490707
1.2466233116558278	-0.032327973381114525	-0.44915667489899697
1.247623811905953	-0.03277115796831911	-0.43717597357539534
1.248624312156078	-0.03320232532826531	-0.4251242006453465
1.249624812406203	-0.0336214063696098	-0.41300531709630856
1.2506253126563283	-0.034028335962457926	-0.40082328424314445
1.2516258129064533	-0.03442305293809608	-0.3885820625410888
1.2526263131565782	-0.0348055000875401	-0.3762856104048799
1.2536268134067035	-0.03517562415890585	-0.3639378830343244
1.2546273136568284	-0.03553337585360875	-0.35154283124674485
1.2556278139069534	-0.03587870982139934	-0.33910440031658867
1.2566283141570784	-0.03621158465424193	-0.32662652882239557
1.2576288144072036	-0.03653196287904413	-0.3141131475015921
1.2586293146573286	-0.036839810949245114	-0.3015681781133178
1.2596298149074536	-0.03713509923527077	-0.28899553230959246
1.2606303151575788	-0.0374178020138643	-0.27639911051515614
1.2616308154077038	-0.037687897456301085	-0.2637828008162993
1.2626313156578288	-0.0379453676154969	-0.25115047785884137
1.263631815907954	-0.03819019841201877	-0.23850600175568185
1.264632316158079	-0.03842237961900827	-0.2258532170041419
1.265632816408204	-0.03864190484602706	-0.2131959514133537
1.2666333166583292	-0.038848771521834975	-0.2005380150420337
1.2676338169084542	-0.03904298087611112	-0.18788319914686546
1.2686343171585792	-0.03922453792012871	-0.1752352751417212
1.2696348174087044	-0.03939345142639457	-0.16259799356797486
1.2706353176588294	-0.03954973390726466	-0.14997508307631677
1.2716358179089544	-0.0396934015925472	-0.13737024942010734
1.2726363181590796	-0.03982447440610488	-0.12478717446060689
1.2736368184092046	-0.039942975941468416	-0.1122295151843554
1.2746373186593296	-0.04004893343647358	-0.09970090273286533
1.2756378189094548	-0.040142377746934146	-0.08720494144491206
1.2766383191595798	-0.040223343319363405	-0.0747452079115779
1.2776388194097048	-0.0402918681627573	-0.06232525004437606
1.27863931965983	-0.040347993819452165	-0.0499485861565549
1.279639819909955	-0.04039176533507041	-0.037618704057839486
1.28064032016008	-0.040423231227567843	-0.025339060162887783
1.281640820410205	-0.04044244345539619	-0.01311307861350322
1.2826413206603302	-0.04044945738479485	-0.0009441504149089452
1.2836418209104552	-0.04044433175622601	0.011164367413739329
1.2846423211605802	-0.04042712864996737	0.023209152674445732
1.2856428214107054	-0.04039791345087713	0.03518691881084987
1.2866433216608304	-0.04035675481234567	0.04709441571402323
1.2876438219109554	-0.04030372461944908	0.05892843051322205
1.2886443221610806	-0.04023889795131923	0.07068578835167302
1.2896448224112056	-0.04016235304274573	0.08236335314704482
1.2906453226613306	-0.04007417124502513	0.09395802833650838
1.2916458229114558	-0.03997443698607272	0.10546675760630606
1.2926463231615808	-0.039863237729812526	0.1168865256056563
1.2936468234117058	-0.039740663934861406	0.12821435864473693
1.294647323661831	-0.03960680901252305	0.13944732537679236
1.295647823911956	-0.03946176928410782	0.15058253746418754
1.296648324162081	-0.03930564393759468	0.16161715022821113
1.2976488244122062	-0.0391385349836514	0.17254836328261733
1.2986493246623312	-0.03896054721102944	0.18337342115072944
1.2996498249124562	-0.03877178814134995	0.19408961386603238
1.3006503251625814	-0.03857236798329737	0.2046942775561847
1.3016508254127064	-0.03836239958623757	0.21518479501021065
1.3026513256628314	-0.03814199839327695	0.22555859622903907
1.3036518259129566	-0.03791128239377949	0.23581315895912155
1.3046523261630816	-0.03767037207535871	0.2459460092090575
1.3056528264132066	-0.03741939037536138	0.2559547217492637
1.3066533266633316	-0.03715846263186019	0.26583692059448105
1.3076538269134568	-0.036887716534172416	0.27559027946923165
1.3086543271635818	-0.03660728207292173	0.2852125222559849
1.3096548274137068	-0.036317291489660446	0.2947014234261705
1.310655327663832	-0.03601787922606939	0.30405480845383315
1.311655827913957	-0.03570918187275278	0.3132705542119897
1.312656328164082	-0.035391338117645416	0.32234658935162763
1.3136568284142072	-0.035064488694049524	0.33128089466334315
1.3146573286643322	-0.03472877632831873	0.34007150342148934
1.3156578289144572	-0.034384345687206545	0.3487165017109842
1.3166583291645824	-0.03403134332489676	0.35721402873667774
1.3176588294147074	-0.03366991762973318	0.36556227711524725
1.3186593296648323	-0.033300218770666266	0.37375949314964046
1.3196598299149576	-0.0329223986434339	0.3818039770861654
1.3206603301650826	-0.03253661081649393	0.3896940833540592
1.3216608304152075	-0.032143010476725783	0.397428220787685
1.3226613306653328	-0.03174175437491856	0.4050048528313824
1.3236618309154577	-0.03133300077106302	0.4124224977268796
1.3246623311655827	-0.0309169093794648	0.41967972868343395
1.325662831415708	-0.03049364131369615	0.42677517403062576
1.326663331665833	-0.03006335903140355	0.4337075173539255
1.327663831915958	-0.0296262262789883	0.44047549761306626
1.3286643321660832	-0.02918240803617742	0.4470779092431987
1.3296648324162081	-0.028732070460501902	0.4535136022389939
1.3306653326663331	-0.02827538083169943	0.4597814822216734
1.3316658329164581	-0.027812507496058552	0.46588051048906604
1.3326663331665833	-0.0273436198107213	0.47180970404873956
1.3336668334167083	-0.026868888087961073	0.47756813563433476
1.3346673336668333	-0.02638848353945263	0.48315493370509716
1.3356678339169585	-0.025902578220550882	0.4885692824287569
1.3366683341670835	-0.025411344974595115	0.49381042164783545
1.3376688344172085	-0.02491495737725521	0.49887764682941643
1.3386693346673337	-0.024413589680936286	0.5037703089985669
1.3396698349174587	-0.02390741675925808	0.5084878146554543
1.3406703351675837	-0.023396614051625377	0.5130296256762555
1.341670835417709	-0.02288135750790557	0.5173952591979984
1.342671335667834	-0.022361823533229377	0.5215842874874594
1.343671835917959	-0.02183818893293065	0.5255963377941812
1.3446723361680841	-0.021310630857641014	0.5294310921878116
1.3456728364182091	-0.020779326748555028	0.5330882873798188
1.346673336668334	-0.020244454282881377	0.5365677145297583
1.3476738369184593	-0.01970619131949551	0.539869219036199
1.3486743371685843	-0.019164715844808982	0.5429927003124686
1.3496748374187093	-0.018620205918870574	0.5459381115473696
1.3506753376688345	-0.018072839621714246	0.5487054594509547
1.3516758379189595	-0.017522794999968665	0.5512948039856115
1.3526763381690845	-0.016970250013743023	0.5537062580824956
1.3536768384192095	-0.016415382483803673	0.5559399873435612
1.3546773386693347	-0.0158583700390559	0.5579962097293057
1.3556778389194597	-0.015299390064345065	0.5598751952324063
1.3566783391695847	-0.014738619648591089	0.5615772655374216
1.35767883941971	-0.014176235533270222	0.5631027936666899
1.358679339669835	-0.013612414061257709	0.564452203612671
1.3596798399199599	-0.01304733112604488	0.5656259699568441
1.360680340170085	-0.01248116212134402	0.5666246174753728
1.36168084042021	-0.011914081891094134	0.5674487207317216
1.362681340670335	-0.011346264679880577	0.5680989036563993
1.3636818409204603	-0.010777884083781334	0.5685758391140248
1.3646823411705853	-0.010209113001652528	0.5688802484579086
1.3656828414207103	-0.009640123586865518	0.5690129010723571
1.3666833416708355	-0.009071087199507815	0.5689746139028728
1.3676838419209605	-0.008502174359059773	0.5687662509744661
1.3686843421710855	-0.007933554697558883	0.5683887228982777
1.3696848424212107	-0.007365396913263217	0.5678429863667377
1.3706853426713357	-0.0067978687248254075	0.5671300436374404
1.3716858429214607	-0.006231136825988336	0.5662509420059549
1.3726863431715859	-0.005665366840813498	0.5652067732677905
1.3736868434217109	-0.005100723279452755	0.5639986731697356
1.3746873436718359	-0.004537369494474027	0.5626278208507723
1.375687843921961	-0.00397546763775121	0.5610954382727977
1.376688344172086	-0.0034151786179284316	0.5594027896413645
1.377688844422211	-0.002856662058468481	0.5575511808166792
1.378689344672336	-0.0023000762562950727	0.5555419587150648
1.3796898449224613	-0.0017455781410383516	0.553376510701124
1.3806903451725863	-0.0011933232348928246	0.5510562639708338
1.3816908454227113	-0.0006434656130966836	0.548582684925791
1.3826913456728365	-9.615786504124249e-5	0.5459572785388502
1.3836918459229615	0.00044844894398101684	0.5431815877113838
1.3846923461730865	0.0009902053103815252	0.5402571926223951
1.3856928464232117	0.0015289633292258071	0.5371857100697238
1.3866933466733367	0.002064576730520973	0.5339687928035792
1.3876938469234616	0.0025969009148329655	0.5306081288526361
1.3886943471735869	0.0031257929882262453	0.5271054408429386
1.3896948474237119	0.003651111796518843	0.5234624853098454
1.3906953476738368	0.004172717958845936	0.519681052003258
1.391695847923962	0.004690473900525358	0.5157629631863769
1.392696348174087	0.00520424388521869	0.5117100729282288
1.393696848424212	0.005713894046381816	0.507524266390193
1.3946973486743373	0.006219292417999076	0.5032074591067937
1.3956978489244622	0.006720308964595403	0.49876159626098493
1.3966983491745872	0.007216815610521046	0.494188651954179
1.3976988494247125	0.00770868626850376	0.4894906284712611
1.3986993496748374	0.008195796867463568	0.48466955554083563
1.3996998499249624	0.00867802537958543	0.479727489590946
1.4007003501750876	0.009155251846645458	0.47466651300053037
1.4017008504252126	0.00962735840558649	0.4694887333468265
1.4027013506753376	0.010094229313339111	0.46419628264899626
1.4037018509254626	0.010555750970884481	0.458791316608218
1.4047023511755878	0.011011811946555547	0.4532760138444723
1.4057028514257128	0.011462302998573426	0.44765257513026696
1.4067033516758378	0.011907117096816081	0.44192322262157946
1.407703851925963	0.012346149443816585	0.4360901990862163
1.408704352176088	0.012779297494988514	0.4301557671298568
1.409704852426213	0.0132064609780763	0.424122208420025
1.4107053526763382	0.013627541911828564	0.41799182290821935
1.4117058529264632	0.014042444623892739	0.4117669280504646
1.4127063531765882	0.014451075767929493	0.40544985802649924
1.4137068534267134	0.014853344339945737	0.399042962957858
1.4147073536768384	0.01524916169384521	0.39254860812508363
1.4157078539269634	0.015638441556195905	0.3859691731843079
1.4167083541770886	0.016021100040213825	0.37930705138343107
1.4177088544272136	0.016397055658962767	0.3725646487781533
1.4187093546773386	0.016766229337770135	0.36574438344808174
1.4197098549274638	0.01712854442585893	0.3588486847131353
1.4207103551775888	0.01748392670719641	0.3518799923505206
1.4217108554277138	0.017832304410559968	0.34484075581244467
1.422711355677839	0.018173608218821302	0.3377334334448978
1.423711855927964	0.018507771277449764	0.3305604917075763
1.424712356178089	0.018834729202236458	0.3233244043953729
1.4257128564282142	0.01915442008624051	0.3160276518614606
1.4267133566783392	0.01946678450595938	0.3086727202423721
1.4277138569284642	0.019771765526725257	0.3012621006851547
1.4287143571785892	0.02006930870732969	0.2937982885768877
1.4297148574287144	0.020359362103879033	0.28628378277682254
1.4307153576788394	0.020641876272883337	0.2787210848512467
1.4317158579289644	0.02091680427358153	0.2711126983113762
1.4327163581790896	0.02118410166950609	0.2634611278544974
1.4337168584292146	0.021443726529290524	0.2557688786085192
1.4347173586793396	0.021695639426723128	0.24803845538014582
1.4357178589294648	0.021939803440050816	0.24027236190691212
1.4367183591795898	0.022176184150536953	0.23247310011327224
1.4377188594297148	0.02240474964027736	0.22464316937094095
1.43871935967984	0.022625470489278838	0.21678506576367634
1.439719859929965	0.022838319771804713	0.20890128135671315
1.44072036018009	0.023043273051992264	0.20099430347107586
1.4417208604302152	0.023240308378746865	0.19306661396288094
1.4427213606803402	0.023429406279918026	0.1851206885079039
1.4437218609304652	0.023610549755762673	0.17715899589155343
1.4447223611805904	0.023783724271701133	0.16918399730444372
1.4457228614307154	0.02394891775037156	0.16119814564376395
1.4467233616808404	0.024106120562988664	0.15320388482060673
1.4477238619309656	0.024255325520012777	0.14520364907342695
1.4487243621810906	0.024396527861135518	0.1371998622878498
1.4497248624312156	0.024529725244588477	0.12919493732296317
1.4507253626813408	0.024654917735781445	0.12119127534424012
1.4517258629314658	0.024772107795276957	0.11319126516331351
1.4527263631815908	0.02488130026610807	0.10519728258473818
1.4537268634317158	0.024982502360446433	0.0972116897598966
1.454727363681841	0.025075723645627865	0.08923683454821821
1.455727863931966	0.02516097602954287	0.08127504988585804
1.456728364182091	0.02523827374539958	0.07332865316199769
1.4577288644322162	0.025307633335866865	0.06539994560289704
1.4587293646823412	0.025369073636605375	0.05749121166385984
1.4597298649324661	0.025422615759194585	0.049604718429257025
1.4607303651825914	0.025468283073463886	0.041742715020730986
1.4617308654327164	0.025506101189236047	0.03390743201374391
1.4627313656828413	0.025536097937491377	0.026101080862551626
1.4637318659329666	0.025558303350961153	0.018325853333799047
1.4647323661830915	0.025572749644158975	0.010583920948825654
1.4657328664332165	0.025579471192858805	0.0028774344348128644
1.4667333666833418	0.0255785045130286	-0.004791476815119156
1.4677338669334667	0.025569888239228566	-0.012420705272735144
1.4687343671835917	0.02555366310248313	-0.02000816579631609
1.469734867433717	0.025529871907635934	-0.02755179614298206
1.470735367683842	0.02549855951019717	-0.03504955747161628
1.471735867933967	0.0254597727926927	-0.04249943483627949
1.4727363681840921	0.025413560640524614	-0.049899437669991345
1.4737368684342171	0.02535997391735272	-0.05724760025885116
1.4747373686843421	0.025299065440006912	-0.06454198220629329
1.4757378689344671	0.025230889952940132	-0.0717806688875014
1.4767383691845923	0.02515550410223191	-0.07896177189382382
1.4777388694347173	0.02507296640915248	-0.08608342946713095
1.4787393696848423	0.024983337243297647	-0.09314380692401758
1.4797398699349675	0.024886678795304446	-0.1001410970698207
1.4807403701850925	0.02478305504915801	-0.10707352060230525
1.4817408704352175	0.024672531754099836	-0.11393932650502654
1.4827413706853427	0.024555176396147956	-0.12073679243022536
1.4837418709354677	0.024431058169239385	-0.12746422507128005
1.4847423711855927	0.024300247946005393	-0.13411996052458025
1.485742871435718	0.024162818248190224	-0.14070236464079447
1.486743371685843	0.024018843216723807	-0.14720983336551258
1.487743871935968	0.023868398581459196	-0.15364079306915723
1.4887443721860931	0.023711561630585493	-0.15999370086612444
1.4897448724362181	0.023548411179726947	-0.16626704492319655
1.490745372686343	0.023379027540739103	-0.17245934475706123
1.4917458729364683	0.023203492490212824	-0.1785691515210075
1.4927463731865933	0.023021889237697088	-0.18459504828069115
1.4937468734367183	0.02283430239365144	-0.19053565027900113
1.4947473736868435	0.022640817937139082	-0.19638960518995016
1.4957478739369685	0.022441523183271538	-0.20215559336163139
1.4967483741870935	0.02223650675041582	-0.20783232804816135
1.4977488744372187	0.022025858527175216	-0.21341855563060397
1.4987493746873437	0.02180966963915461	-0.2189130558269102
1.4997498749374687	0.021588032415521395	-0.2243146418908163
1.5007503751875937	0.021361040355372982	-0.22962216079971953
1.501750875437719	0.021128788093921956	-0.23483449343153495
1.502751375687844	0.020891371368509912	-0.2399505547304951
1.5037518759379689	0.020648886984460962	-0.2449692938619654
1.504752376188094	0.020401432780785978	-0.24988969435621108
1.505752876438219	0.02014910759574854	-0.2547107742411955
1.506753376688344	0.019892011232303587	-0.25943158616438705
1.5077538769384693	0.019630244423419766	-0.2640512175035754
1.5087543771885943	0.019363908797296436	-0.2685687904667566
1.5097548774387193	0.019093106842486253	-0.27298346218110336
1.5107553776888445	0.01881794187293423	-0.27729442477103516
1.5117558779389695	0.018538517992944183	-0.2815009054254244
1.5127563781890945	0.01825494006208338	-0.28560216645397846
1.5137568784392197	0.017967313660036226	-0.28959750533282674
1.5147573786893447	0.01767574505141773	-0.29348625473935885
1.5157578789394697	0.01738034115055751	-0.2972677825763617
1.5167583791895949	0.017081209486265007	-0.30094149198548087
1.5177588794397199	0.01677845816658655	-0.30450682135006907
1.5187593796898449	0.01647219584356487	-0.3079632442874961
1.51975987993997	0.016162531678011557	-0.3113102696309378
1.520760380190095	0.015849575304302994	-0.3145474414007086
1.52176088044022	0.015533436795210137	-0.3176743387652264
1.5227613806903453	0.015214226626772541	-0.3206905759916313
1.5237618809404703	0.014892055643226876	-0.32359580238618385
1.5247623811905953	0.014567035022000172	-0.32638970222444336
1.5257628814407203	0.014239276238777989	-0.32907199467132037
1.5267633816908455	0.01390889103265753	-0.33164243369112995
1.5277638819409705	0.013575991371395727	-0.3341008079476432
1.5287643821910955	0.013240689416762244	-0.336446940694261
1.5297648824412207	0.012903097490007205	-0.33868068965440395
1.5307653826913457	0.012563328037453437	-0.34080194689215665
1.5317658829414706	0.012221493596222892	-0.34281063867329375
1.5327663831915959	0.011877706760106849	-0.344706725316766
1.5337668834417209	0.011532080145589362	-0.3464902010367329
1.5347673836918458	0.011184726358033385	-0.3481610937752441
1.535767883941971	0.010835757958038874	-0.3497194650256526
1.536768384192096	0.01048528742798208	-0.3511654096468742
1.537768884442221	0.010133427138745125	-0.35249905566859474
1.5387693846923463	0.009780289316644892	-0.353720564087512
1.5397698849424712	0.009425986010570101	-0.3548301286547392
1.5407703851925962	0.009070629059335414	-0.35582797565445085
1.5417708854427215	0.008714330059261201	-0.3567143636739167
1.5427713856928464	0.00835720033198758	-0.35748958336500636
1.5437718859429714	0.007999350892531188	-0.358153957197278
1.5447723861930966	0.007640892417593024	-0.3587078392027956
1.5457728864432216	0.007281935214125597	-0.3591516147127636
1.5467733866933466	0.006922589188167497	-0.3594857000861094
1.5477738869434718	0.006562963813953379	-0.35971054243013517
1.5487743871935968	0.006203168103307227	-0.35982661931336507
1.5497748874437218	0.005843310575326649	-0.35983443847069924
1.5507753876938468	0.005483499226365828	-0.35973453750102374
1.551775887943972	0.005123841500324602	-0.35952748355738173
1.552776388194097	0.004764444259251065	-0.35921387302985036
1.553776888444222	0.004405413754264901	-0.35879433122125004
1.5547773886943472	0.004046855596808565	-0.358269512015818
1.5557778889444722	0.003688874730233265	-0.35764009754098225
1.5567783891945972	0.0033315754017266	-0.3569067978223678
1.5577788894447224	0.0029750611345885293	-0.3560703504321785
1.5587793896948474	0.002619434700862243	-0.3551315201310878
1.5597798899449724	0.0022647980943263537	-0.35409109850377873
1.5607803901950976	0.0019112525038546856	-0.35294990358827566
1.5617808904452226	0.0015588982871498024	-0.35170877949920776
1.5627813906953476	0.0012078349448562701	-0.35036859604514786
1.5637818909454728	0.0008581610950595067	-0.3489302483401719
1.5647823911955978	0.0005099744481759266	-0.347394656409782
1.5657828914457228	0.00016337178223994273	-0.3457627647913415
1.566783391695848	-0.00018155108140675656	-0.3440355421291654
1.567783891945973	-0.0005246993020183879	-0.34221398076441756
1.568784392196098	-0.0008659790429355917	-0.3402990963199636
1.5697848924462232	-0.001205297494658315	-0.3382919272803239
1.5707853926963482	-0.0015425628974962396	-0.3361935345668829
1.5717858929464732	-0.0018776845637920809	-0.33400500110850134
1.5727863931965984	-0.0022105728997132423	-0.33172743140768535
1.5737868934467234	-0.0025411394266074516	-0.32936195110246197
1.5747873936968484	-0.0028692968019181663	-0.32690970652411677
1.5757878939469734	-0.003194958839655685	-0.3243718642509431
1.5767883941970986	-0.0035180405304200526	-0.3217496106581589
1.5777888944472236	-0.003838458060972003	-0.3190441514641443
1.5787893946973486	-0.004156128833348341	-0.3162567112731528
1.5797898949474738	-0.004470971483518308	-0.31338853311465176
1.5807903951975988	-0.004782905899577645	-0.31044087797945163
1.5817908954477238	-0.005091853239477211	-0.3074150243527634
1.582791395697849	-0.0053977359482831715	-0.30431226774435677
1.583791895947974	-0.005700477774965925	-0.30113392021596797
1.584792396198099	-0.006000003788715107	-0.29788130990611017
1.5857928964482242	-0.006296240394778145	-0.2945557805524397
1.5867933966983492	-0.006589115349819987	-0.2911586910118399
1.5877938969484742	-0.006878557776801825	-0.2876914147783719
1.5887943971985994	-0.0071644981793767305	-0.2841553394992511
1.5897948974487244	-0.007446868455800327	-0.28055186648900465
1.5907953976988494	-0.00772560191235474	-0.276882410241955
1.5917958979489746	-0.008000633276284237	-0.2731483979431953
1.5927963981990996	-0.008271898708241129	-0.2693512689782105
1.5937968984492246	-0.008539335814240658	-0.2654924744412909
1.5947973986993498	-0.008802883657123712	-0.261573476642879
1.5957978989494748	-0.009062482767526416	-0.25759574861603396
1.5967983991995998	-0.00931807515435578	-0.25356077362215496
1.5977988994497248	-0.009569604314770726	-0.2494700446560895
1.59879939969985	-0.00981701524366796	-0.2453250639508058
1.599799899949975	-0.010060254442672337	-0.2411273424817728
1.6008004002001	-0.010299269928631505	-0.2368783994711951
1.6018009004502252	-0.010534011241614728	-0.23257976189224994
1.6028014007003502	-0.010764429452416005	-0.22823296397348272
1.6038019009504751	-0.010990477169561695	-0.22383954670349668
1.6048024012006004	-0.011212108545822998	-0.21940105733608914
1.6058029014507254	-0.011429279284233873	-0.214919048896001
1.6068034017008503	-0.011641946643615002	-0.21039507968537324
1.6078039019509756	-0.01185006944360462	-0.2058307127910993
1.6088044022011005	-0.0120536080691972	-0.2012275155932183
1.6098049024512255	-0.012252524474791058	-0.1965870592744532
1.6108054027013508	-0.012446782187746107	-0.19191091833105875
1.6118059029514757	-0.012636346311453175	-0.18720067008513777
1.6128064032016007	-0.012821183527916382	-0.18245789419852385
1.613806903451726	-0.013001262099850223	-0.17768417218839203
1.614807403701851	-0.013176551872293165	-0.17288108694473586
1.615807903951976	-0.013347024273739695	-0.1680502222498447
1.6168084042021011	-0.013512652316792854	-0.1631931622998904
1.6178089044522261	-0.013673410598339474	-0.15831149122879673
1.6188094047023511	-0.013829275299250448	-0.15340679263450147
1.6198099049524763	-0.013980224183608479	-0.14848064910772013
1.6208104052026013	-0.014126236597465888	-0.14353464176338013
1.6218109054527263	-0.014267293467135239	-0.13857034977484295
1.6228114057028513	-0.014403377297015574	-0.1335893499110055
1.6238119059529765	-0.014534472166957252	-0.1285932160764447
1.6248124062031015	-0.014660563729168465	-0.12358351885470228
1.6258129064532265	-0.014781639204666658	-0.1185618250548557
1.6268134067033517	-0.014897687379278176	-0.11352969726147275
1.6278139069534767	-0.015008698599189603	-0.10848869338807905
1.6288144072036017	-0.015114664766054334	-0.10344036623423716
1.629814907453727	-0.015215579331658078	-0.09838626304637874
1.630815407703852	-0.015311437292147092	-0.09332792508248612
1.631815907953977	-0.015402235181823052	-0.08826688718073517
1.6328164082041021	-0.015487971066508562	-0.08320467733220326
1.6338169084542271	-0.015568644536487458	-0.07814281625777818
1.634817408704352	-0.01564425669902412	-0.07308281698933418
1.6358179089544773	-0.015714810170466127	-0.06802618445530054
1.6368184092046023	-0.01578030906793472	-0.06297441507072642
1.6378189094547273	-0.015840759000607583	-0.057928996331941054
1.6388194097048525	-0.015896167060598602	-0.05289140641588988
1.6398199099549775	-0.015946541813439363	-0.0478631137842845
1.6408204102051025	-0.015991893288167174	-0.04284557679260469
1.6418209104552277	-0.01603223296702457	-0.03784024330407906
1.6428214107053527	-0.016067573774775332	-0.03284855030877623
1.6438219109554777	-0.01609793006764212	-0.027871923547773472
1.644822411205603	-0.016123317621870883	-0.022911777142625017
1.645822911455728	-0.01614375362192737	-0.01796951323012469
1.646823411705853	-0.016159256648331132	-0.013046521602505176
1.6478239119559779	-0.016169846665132378	-0.008144179353093
1.648824412206103	-0.016175545007037318	-0.0032638505275631863
1.649824912456228	-0.016176374366187504	0.001593114219192518
1.650825412706353	-0.016172358778598937	0.00642537796045374
1.6518259129564783	-0.016163523610266597	0.011231617829307247
1.6528264132066033	-0.016149895542940322	0.016010525344355153
1.6538269134567283	-0.016131502559577886	0.020760806729549358
1.6548274137068535	-0.016108373929481223	0.025481183228015167
1.6558279139569785	-0.016080540193121856	0.030170391409810315
1.6568284142071035	-0.016048033146661603	0.03482718347357083
1.6578289144572287	-0.01601088582617471	0.03945032754196394
1.6588294147073537	-0.01596913249157767	0.04403860795089941
1.6598299149574787	-0.01592280861027291	0.048590825532473375
1.6608304152076039	-0.015871950840512725	0.05310579789153183
1.6618309154577289	-0.015816597014489845	0.05758235967586421
1.6628314157078539	-0.015756786121160996	0.062019362839924735
1.663831915957979	-0.015692558288809996	0.06641567690206673
1.664832416208104	-0.015623954767356863	0.07077018919524838
1.665832916458229	-0.015551017910419499	0.07508180511114904
1.6668334167083543	-0.015473791157134566	0.07934944833765806
1.6678339169584793	-0.015392319013744183	0.0835720610897206
1.6688344172086043	-0.015306647034955125	0.08774860433346642
1.6698349174587295	-0.01521682180507725	0.09187805800362717
1.6708354177088545	-0.015122890918947873	0.09595942121418469
1.6718359179589795	-0.01502490296264888	0.0999917124622331
1.6728364182091044	-0.014922907494023408	0.10397396982501309
1.6738369184592297	-0.014816955022998856	0.10790525115012602
1.6748374187093547	-0.014707096991723156	0.11178463423886127
1.6758379189594796	-0.014593385754521133	0.11561121702264449
1.6768384192096049	-0.014475874557677867	0.11938411773258599
1.6778389194597298	-0.014354617519055961	0.12310247506210764
1.6788394197098548	-0.014229669607553654	0.12676544832263426
1.67983991995998	-0.014101086622410695	0.13037221759233925
1.680840420210105	-0.013968925172368975	0.13392198385793042
1.68184092046023	-0.013833242654694834	0.13741396914947104
1.6828414207103553	-0.013694097234070035	0.14084741666823847
1.6838419209604802	-0.013551547821358357	0.14422159090761183
1.6848424212106052	-0.013405654052254813	0.1475357777669644
1.6858429214607304	-0.013256476265824428	0.15078928465861105
1.6868434217108554	-0.01310407548293759	0.1539814406077578
1.6878439219609804	-0.012948513384608912	0.15711159634550567
1.6888444222111056	-0.01278985229024658	0.16017912439488316
1.6898449224612306	-0.012628155135819146	0.16318341914993167
1.6908454227113556	-0.012463485451946716	0.16612389694785346
1.6918459229614808	-0.012295907341923437	0.16899999613423106
1.6928464232116058	-0.012125485459678254	0.17181117712133062
1.6938469234617308	-0.011952284987680778	0.17455692243952772
1.694847423711856	-0.011776371614799198	0.17723673678184548
1.695847923961981	-0.011597811514117087	0.17985014704162502
1.696848424212106	-0.011416671320715947	0.18239670234338878
1.697848924462231	-0.01123301810943031	0.18487597406688458
1.6988494247123562	-0.011046919372582177	0.1872875558643584
1.6998499249624812	-0.010858442997701594	0.1896310636710606
1.7008504252126062	-0.010667657245240056	0.191906135709052
1.7018509254627314	-0.01047463072628349	0.19411243248429727
1.7028514257128564	-0.010279432380271462	0.19624963677712484
1.7038519259629814	-0.010082131452729242	0.19831745362606287
1.7048524262131066	-0.009882797473019338	0.20031561030509504
1.7058529264632316	-0.009681500232119052	0.2022438562943674
1.7068534267133566	-0.009478309760430603	0.20410196324440258
1.7078539269634818	-0.009273296305630247	0.20588972493386543
1.7088544272136068	-0.009066530310562872	0.20760695722090663
1.7098549274637318	-0.008858082391188434	0.20925349798814502
1.710855427713857	-0.008648023314586584	0.21082920708133562
1.711855927963982	-0.008436423977025763	0.21233396624177092
1.712856428214107	-0.008223355382103042	0.2137676790324554
1.7138569284642322	-0.008008888618960852	0.21513027075813815
1.7148574287143572	-0.007793094840586767	0.21642168837922435
1.7158579289644822	-0.007576045242202403	0.2176419004196453
1.7168584292146074	-0.007357811039747477	0.21879089686871728
1.7178589294647324	-0.007138463448464968	0.21986868907708598
1.7188594297148574	-0.006918073661593305	0.22087530964678492
1.7198599299649824	-0.006696712829171399	0.22181081231549288
1.7208604302151076	-0.006474452036962319	0.22267527183503655
1.7218609304652326	-0.006251362285501326	0.22346878384420796
1.7228614307153576	-0.006027514469273904	0.22419146473597268
1.7238619309654828	-0.005802979356029381	0.22484345151912913
1.7248624312156078	-0.005577827566235646	0.2254249016744843
1.7258629314657328	-0.0053521295526804125	0.2259359930056209
1.726863431715858	-0.005125955580224405	0.22637692348433058
1.727863931965983	-0.00489937570571175	0.22674791109078377
1.728864432216108	-0.004672459758042837	0.2270491936484987
1.7298649324662332	-0.004445277318414753	0.22728102865421068
1.7308654327163582	-0.004217897700734416	0.2274436931026906
1.7318659329664832	-0.003990389932209372	0.22753748330660922
1.7328664332166084	-0.0037628227341211973	0.22756271471151365
1.7338669334667334	-0.0035352645027863444	0.22751972170600596
1.7348674337168584	-0.0033077832907091854	0.2274088574271973
1.7358679339669836	-0.00308044678793195	0.22723049356152145
1.7368684342171086	-0.002853322303586143	0.22698502014099245
1.7378689344672336	-0.002626476747649965	0.22667284533498802
1.7388694347173588	-0.002399976612916167	0.22629439523764117
1.7398699349674838	-0.002173887957174683	0.22585011365093294
1.7408704352176088	-0.0019482763856143006	0.2253404618635657
1.741870935467734	-0.0017232070334475516	0.22476591842570184
1.742871435717859	-0.0014987445487628969	0.2241269789196701
1.743871935967984	-0.0012749530756082114	0.2234241557267099
1.744872436218109	-0.001051896237309477	0.2226579777898561
1.7458729364682342	-0.0008296371200284992	0.22182899037304948
1.7468734367183592	-0.0006082382565633781	0.22093775481656427
1.7478739369684841	-0.00038776161039537056	0.21998484828884468
1.7488744372186094	-0.0001682685599856887	0.2189708635348426
1.7498749374687343	5.018011667431468e-5	0.21789640862094983
1.7508754377188593	0.000267524257256211	0.21676210667661638
1.7518759379689846	0.00048370433002754745	0.21556859563275044
1.7528764382191095	0.0006986614485217119	0.2143165279569938
1.7538769384692345	0.0009123373859415352	0.21300657038596715
1.7548774387193598	0.0011246745892936462	0.21163940365458053
1.7558779389694847	0.0013356161932506962	0.21021572222250612
1.7568784392196097	0.0015451060337386584	0.2087362339979066
1.757878939469735	0.0017530886612465092	0.20720166005851767
1.75887943971986	0.0019595093538556938	0.20561273437018096
1.759879939969985	0.0021643141299868716	0.20397020350292233
1.7608804402201101	0.0023674497608615385	0.20227482634467595
1.7618809404702351	0.0025688637826762235	0.20052737381275185
1.7628814407203601	0.002768504508487042	0.19872862856313753
1.7638819409704853	0.0029663210398024986	0.1968793846977416
1.7648824412206103	0.0031622632778825254	0.19498044746967022
1.7658829414707353	0.003356281934741839	0.19303263298663587
1.7668834417208605	0.003548328543855797	0.1910367679125984
1.7678839419709855	0.0037383554705670364	0.18899368916773518
1.7688844422211105	0.0039263159221912675	0.1869042436268356
1.7698849424712355	0.004112163957820708	0.18476928781622656
1.7708854427213607	0.004295854497823721	0.1825896876093162
1.7718859429714857	0.00447734333303934	0.18036631792086144
1.7728864432216107	0.0046565871336654435	0.1781000624000535
1.773886943471736	0.004833543457839447	0.17579181312252137
1.774887443721861	0.005008170759910486	0.17344247028134924
1.775887943971986	0.005180428398402145	0.1710529418772061
1.7768884442221111	0.0053502766436648985	0.1686241434076846
1.777888944472236	0.005517676685217515	0.16615699755594387
1.778889444722361	0.005682590638776786	0.16365243387875825
1.7798899449724863	0.005844981552975031	0.16111138849406398
1.7808904452226113	0.006004813415764914	0.1585348037680982
1.7818909454727363	0.0061620511605112276	0.15592362800223103
1.7828914457228615	0.006316660671769375	0.15327881511958355
1.7838919459729865	0.006468608790750395	0.15060132435152804
1.7848924462231115	0.006617863320472432	0.1478921199241567
1.7858929464732367	0.006764393030598708	0.14515217074482406
1.7868934467233617	0.00690816766196208	0.14238245008885544
1.7878939469734867	0.007049157930776418	0.13958393528650534
1.788894447223612	0.007187335532535091	0.136757607410267
1.789894947473737	0.007322673145596951	0.13390445096261383
1.7908954477238619	0.007455144434460318	0.13102545356428671
1.791895947973987	0.007584724052725525	0.12812160564319025
1.792896448224112	0.007711387645746698	0.12519390012400225
1.793896948474237	0.00783511185297353	0.12224333211858932
1.794897448724362	0.007955874309983877	0.11927089861730501
1.7958979489744873	0.008073653650208141	0.11627759818128025
1.7968984492246123	0.008188429506346438	0.11326443063575456
1.7978989494747373	0.00830018251147965	0.11023239676458042
1.7988994497248625	0.0084088942998756	0.10718249800595411
1.7998999499749875	0.008514547507491558	0.10411573614946007
1.8009004502251125	0.00861712577217452	0.10103311303454911
1.8019009504752377	0.008716613733560656	0.09793563025047546
1.8029014507253627	0.008812997032675471	0.09482428883781854
1.8039019509754877	0.008906262311236294	0.09170008899165791
1.8049024512256129	0.008996397210658787	0.08856402976647938
1.8059029514757379	0.009083390370769252	0.08541710878289237
1.8069034517258629	0.009167231428224572	0.08226032193624569
1.807903951975988	0.009247911014641744	0.07909466310720893
1.808904452226113	0.009325420754438991	0.07592112387439648
1.809904952476238	0.009399753262390537	0.07274069322911296
1.8109054527263633	0.009470902140897216	0.06955435729231324
1.8119059529764883	0.009538861976975163	0.06636309903381657
1.8129064532266133	0.009603628338964847	0.06316789799385487
1.8139069534767385	0.009665197772962873	0.05996973000706434
1.8149074537268635	0.009723567798978976	0.0567695669289334
1.8159079539769885	0.009778736906820738	0.05356837636482856
1.8169084542271137	0.009830704551708635	0.050367121401636086
1.8179089544772387	0.00987947114962401	0.047166760342076154
1.8189094547273637	0.009925038072392787	0.0439682464418124
1.8199099549774886	0.009967407642507635	0.040772527649349244
1.8209104552276139	0.010006583127691485	0.03758054634882529
1.8219109554777388	0.010042568735205287	0.03439323910575751
1.8229114557278638	0.010075369605903	0.031211536415788263
1.823911955977989	0.010104991808036864	0.02803636245651657
1.824912456228114	0.010131442330816033	0.024868634842441575
1.825912956478239	0.010154729077721747	0.021709264383097844
1.8269134567283642	0.01017486085958223	0.018559154844432872
1.8279139569784892	0.010191847387410613	0.01541920271348838
1.8289144572286142	0.010205699265009208	0.012290296966428749
1.8299149574787394	0.010216427981343472	0.009173318839962585
1.8309154577288644	0.010224045902689133	0.006069141606242397
1.8319159579789894	0.010228566264555957	0.0029786303512614742
1.8329164582291146	0.010230003163391656	-9.735824320084713e-5
1.8339169584792396	0.010228371548069557	-0.0031579761140239707
1.8349174587293646	0.010223687211163608	-0.006202384027553971
1.8359179589794898	0.010215966780014449	-0.009229751786694884
1.8369184592296148	0.010205227707590218	-0.012239258434284216
1.8379189594797398	0.01019148826314588	-0.015230092452678083
1.838919459729865	0.010174767522684862	-0.018201451959522566
1.83991995997999	0.010155085359226835	-0.021152544899661826
1.840920460230115	0.010132462432885538	-0.024082589233146573
1.84192096048024	0.010106920180760542	-0.026990813119312507
1.8429214607303652	0.010078480806646913	-0.02987645509688365
1.8439219609804902	0.010047167270566775	-0.0327387642600728
1.8449224612306152	0.010013003278126768	-0.03557700043064962
1.8459229614807404	0.009976013269705474	-0.03839043432593385
1.8469234617308654	0.009936222409474902	-0.0411783477226868
1.8479239619809904	0.0098936565742601	-0.043940033616897585
1.8489244622311156	0.009848342342241106	-0.046674796379380865
1.8499249624812406	0.009800306981501338	-0.0493819519072243
1.8509254627313656	0.009749578438426658	-0.0520608277710154
1.8519259629814908	0.00969618532595931	-0.05471076335784777
1.8529264632316158	0.009640156911710962	-0.057331110010079046
1.8539269634817408	0.009581523105939151	-0.059921231159801476
1.854927463731866	0.009520314449391361	-0.062480502459050236
1.855927963981991	0.00945656210102105	-0.06500831190569926
1.856928464232116	0.009390297825579963	-0.06750405996501246
1.8579289644822412	0.009321553981091026	-0.06996715968688241
1.8589294647323662	0.009250363506206198	-0.07239703681871222
1.8599299649824912	0.009176759907453603	-0.07479312991392865
1.8609304652326164	0.00910077724637834	-0.07715489043612962
1.8619309654827414	0.009022450126581344	-0.07948178285883521
1.8629314657328664	0.00894181368066067	-0.0817732847608714
1.8639319659829916	0.008858903557059601	-0.08402888691733545
1.8649324662331166	0.008773755906825999	-0.08624809338615962
1.8659329664832416	0.008686407370287284	-0.08843042159028136
1.8669334667333666	0.008596895063645438	-0.0905754023954033
1.8679339669834918	0.008505256565496479	-0.09268258018332604
1.8689344672336168	0.008411529903278786	-0.09475151292088253
1.8699349674837418	0.008315753539654712	-0.09678177222446123
1.870935467733867	0.008217966358829862	-0.09877294342012372
1.871935967983992	0.008118207652814464	-0.10072462559932056
1.872936468234117	0.00801651710763122	-0.10263643167021316
1.8739369684842422	0.007912934789474038	-0.10450798840459145
1.8749374687343672	0.0078075011308220395	-0.10633893648042107
1.8759379689844922	0.007700256916513196	-0.10812893052002072
1.8769384692346174	0.007591243269781997	-0.10987763912385624
1.8779389694847424	0.0074805016382654835	-0.11158474490000286
1.8789394697348674	0.0073680737799819915	-0.11324994448926647
1.8799399699849926	0.007254001749286951	-0.11487294858596912
1.8809404702351176	0.007138327882810053	-0.11645348195443282
1.8819409704852426	0.007021094785378085	-0.11799128344117246
1.8829414707353678	0.006902345315927708	-0.11948610598280827
1.8839419709854928	0.006782122573412469	-0.12093771660972663
1.8849424712356178	0.006660469882708255	-0.12234589644550663
1.885942971485743	0.006537430780521456	-0.1237104407021219
1.886943471735868	0.006413049001304011	-0.12503115867096293
1.887943971985993	0.00628736846317953	-0.12630787370968358
1.8889444722361182	0.006160433253884644	-0.12754042322490672
1.8899449724862432	0.006032287616729716	-0.1287286586508108
1.8909454727363681	0.0059029759365830225	-0.12987244542362122
1.8919459729864931	0.005772542725882474	-0.1309716629520506
1.8929464732366184	0.005641032610678921	-0.1320262045836954
1.8939469734867433	0.005508490316715083	-0.13303597756742686
1.8949474737368683	0.005374960655544067	-0.13400090301181897
1.8959479739869936	0.0052404885106914455	-0.13492091583962568
1.8969484742371185	0.005105118823864815	-0.1357959647383636
1.8979489744872435	0.004968896581214719	-0.13662601210701064
1.8989494747373687	0.004831866799650794	-0.1374110339988758
1.8999499749874937	0.0046940745132169675	-0.1381510200606571
1.9009504752376187	0.004555564759529481	-0.1388459734677468
1.901950975487744	0.004416382566281474	-0.13949591085580906
1.902951475737869	0.0042765729378178635	-0.14010086224866114
1.903951975987994	0.004136180841784152	-0.140660870982523
1.9049524762381191	0.0039952511958528175	-0.1411759936266459
1.9059529764882441	0.00385382885453086	-0.14164629990038646
1.9069534767383691	0.0037119585960520445	-0.1420718725867558
1.9079539769884943	0.0035696851093573487	-0.14245280744249322
1.9089544772386193	0.0034270529811670585	-0.1427892131047033
1.9099549774887443	0.003284106683147942	-0.14308121099410323
1.9109554777388695	0.0031408905591788524	-0.143328935214929
1.9119559779889945	0.002997448812718084	-0.1435325324515473
1.9129564782391195	0.002853825494275758	-0.1436921618618132
1.9139569784892447	0.002710064488994457	-0.14380799496723157
1.9149574787393697	0.0025662095043412947	-0.14388021553996358
1.9159579789894947	0.00242230405791453	-0.14390901948673515
1.9169584792396197	0.002278391465367824	-0.14389461472968673
1.917958979489745	0.002134514828455157	-0.14383722108422445
1.91895947973987	0.0019907170231993755	-0.14373707013392667
1.919959979989995	0.0018470406881873037	-0.14359440510254357
1.9209604802401201	0.0017035282129942884	-0.14340948072315654
1.921960980490245	0.0015602217267409906	-0.14318256310454763
1.92296148074037	0.0014171630867851931	-0.14291392959482824
1.9239619809904953	0.001274393867551334	-0.14260386864238592
1.9249624812406203	0.0011319553495004213	-0.1422526796542021
1.9259629814907453	0.0009898885082429297	-0.14186067285159898
1.9269634817408705	0.0008482340037972233	-0.14142816912346737
1.9279639819909955	0.0007070321699959949	-0.14095549987703523
1.9289644822411205	0.0005663230040431527	-0.14044300688623315
1.9299649824912457	0.00042614615622352866	-0.13989104213771328
1.9309654827413707	0.0002865409197677262	-0.13929996767458117
1.9319659829914957	0.0001475462208743663	-0.1386701554378963
1.932966483241621	9.200608891933545e-6	-0.13800198710600153
1.933966983491746	-0.0001284577533376368	-0.13729585393174037
1.9349674837418709	-0.00026539109897154723	-0.13655215657762065
1.935967983991996	-0.0004015620664928781	-0.13577130494898448
1.936968484242121	-0.0005369337088695162	-0.13495371802524456
1.937968984492246	-0.0006714695025433672	-0.13409982368924636
1.9389694847423713	-0.0008051333562480088	-0.13321005855481743
1.9399699849924963	-0.0009378896196530022	-0.13228486779256407
1.9409704852426213	-0.001069703091833137	-0.13132470495397502
1.9419709854927463	-0.0012005390295609522	-0.1303300317938964
1.9429714857428715	-0.0013303631554209298	-0.12930131809143575
1.9439719859929965	-0.0014591416657438235	-0.1282390414693588
1.9449724862431215	-0.0015868412383596474	-0.1271436872120399
1.9459729864932467	-0.0017134290401679035	-0.12601574808202606
1.9469734867433717	-0.0018388727345236998	-0.12485572413527962
1.9479739869934967	-0.0019631404884384632	-0.12366412253516007
1.9489744872436219	-0.00208620097959402	-0.12244145736520434
1.9499749874937469	-0.0022080234031688715	-0.12118824944077461
1.9509754877438719	-0.0023285774784755696	-0.11990502611962796
1.951975987993997	-0.0024478334554081274	-0.11859232111146775
1.952976488244122	-0.0025657621206985047	-0.11725067428655601
1.953976988494247	-0.0026823348039812394	-0.11588063148342898
1.9549774887443723	-0.0027975233836653626	-0.11448274431578409
1.9559779889944973	-0.0029113002926128076	-0.1130575699786068
1.9569784892446223	-0.0030236385236225762	-0.11160567105359102
1.9579789894947475	-0.0031345116347199892	-0.11012761531392005
1.9589794897448725	-0.003243893754250416	-0.1086239755284683
1.9599799899949975	-0.0033517595857769263	-0.10709532926548009
1.9609804902451227	-0.003458084412781376	-0.10554225869579321
1.9619809904952477	-0.0035628441031685127	-0.10396535039567247
1.9629814907453726	-0.0036660151135727214	-0.1023651951492998
1.9639819909954976	-0.0037675744934671123	-0.10074238775099323
1.9649824912456229	-0.003867499889074708	-0.09909752680721637
1.9659829914957478	-0.003965769547081545	-0.09743121453842894
1.9669834917458728	-0.004062362318151566	-0.09574405658084595
1.967983991995998	-0.004157257660243237	-0.09403666178816424
1.968984492246123	-0.004250435641727893	-0.09230964203331415
1.969984992496248	-0.004341876944309865	-0.0905636120102993
1.9709854927463732	-0.004431562865748492	-0.08879918903617395
1.9719859929964982	-0.004519475322382213	-0.08701699285323071
1.9729864932466232	-0.004605596851454953	-0.08521764543144338
1.9739869934967484	-0.004689910613245099	-0.083401770771231
1.9749874937468734	-0.004772400392997415	-0.08156999470660016
1.9759879939969984	-0.004853050602658299	-0.07972294470871398
1.9769884942471236	-0.004931846282414844	-0.07786124968995776
1.9779889944972486	-0.005008773102038214	-0.07598553980854311
1.9789894947473736	-0.005083817362031931	-0.07409644627372809
1.9799899949974988	-0.00515696599458567	-0.07219460115167123
1.9809904952476238	-0.005228206564335273	-0.07028063717202286
1.9819909954977488	-0.005297527268929717	-0.0683551875352668
1.982991495747874	-0.0053649169394058074	-0.06641888572087809
1.983991995997999	-0.005430365040371474	-0.0644723652963703
1.984992496248124	-0.005493861669998548	-0.0625162597272565
1.9859929964982492	-0.005555397559825987	-0.06055120218799535
1.9869934967483742	-0.005614964074374539	-0.05857782537396078
1.9879939969984992	-0.0056725532105739085	-0.05659676131449789
1.9889944972486242	-0.0057281575970035345	-0.05460864118710801
1.9899949974987494	-0.0057817704929481245	-0.052614095132815994
1.9909954977488744	-0.0058333857872691665	-0.05061375207277051
1.9919959979989994	-0.0058829979970936655	-0.048608239526119756
1.9929964982491246	-0.005930602266321406	-0.04659818342921899
1.9939969984992496	-0.0059761943639521035	-0.0445842079562146
1.9949974987493746	-0.006019770682233836	-0.042566935341045026
1.9959979989994998	-0.0060613282346341935	-0.04054698570091046
1.9969984992496248	-0.006100864653635657	-0.0385249768612649
1.9979989994997498	-0.006138378188356723	-0.03650152418235722
1.998999499749875	-0.006173867702000372	-0.03447724038738078
2.0	-0.006207332669131485	-0.032452735392262365
